X;Y
28.1;39.4
 44.6; 58.2
 34.9; 42.0
 31.0; 38.3
 36.4; 66.0
 47.8; 32.4
 17.5; 61.4
 51.0; 54.1
 52.4; 58.6
 48.6; 31.9
 23.6; 53.5
 30.8; 74.3
 56.5; 42.9
 64.2; 49.1
 9.5; 63.8
 43.2; 64.5
 42.0; 69.9
 62.0; 54.0
 41.0; 53.3
 40.7; 42.1
 24.7; 47.0
 37.8; 33.1
 56.6; 59.3
 16.6; 60.3
 42.7; 48.4
 43.3; 67.8
 24.9; 57.5
 37.4; 46.6
 48.2; 69.1
 19.7; 49.6
 40.9; 91.6
 34.3; 46.6
 36.0; 51.4
 44.8; 72.1
 45.8; 42.8
 47.3; 55.9
 26.0; 37.6
 55.1; 27.8
 32.3; 40.4
 57.4; 65.6
 28.8; 57.0
 41.0; 48.5
 40.0; 40.6
 29.8; 59.0
 43.9; 32.9
 31.5; 53.7
 48.7; 39.7
 14.9; 33.7
 23.3; 48.2
 44.4; 37.7
 67.4; 54.8
 43.5; 59.8
 54.8; 44.0
 37.9; 68.2
 39.6; 47.8
 13.4; 52.3
 45.5; 56.0
 34.9; 56.7
 19.6; 34.4
 50.9; 27.8
 13.0; 48.3
 29.3; 55.3
 53.1; 43.5
 38.6; 38.8
 32.6; 50.1
 49.8; 42.7
 34.5; 46.3
 48.2; 50.8
 49.2; 45.2
 29.0; 52.0
 36.7; 51.0
 42.3; 59.7
 15.6; 41.2
 35.5; 38.0
 42.6; 58.3
 31.5; 57.3
 42.4; 52.0
 35.1; 83.5
 70.4; 54.3
 44.9; 55.4
 47.4; 71.4
 25.2; 52.3
 29.6; 73.0
 27.5; 40.3
 34.9; 60.6
 34.6; 62.9
 43.2; 50.2
 39.3; 49.8
 22.9; 56.1
 53.8; 51.5
 23.1; 45.2
 43.7; 39.7
 45.7; 56.1
 35.6; 46.4
 33.6; 57.7
 41.9; 38.1
 23.1; 33.5
 62.4; 32.7
 47.6; 44.0
 50.6; 38.0
 32.6; 38.1
 37.9; 38.9
 25.4; 52.0
 12.1; 49.5
 36.7; 45.2
 37.2; 44.7
 38.2; 46.9
 49.5; 52.7
 13.3; 66.9
 35.8; 59.1
 42.9; 40.2
 53.2; 55.0
 40.5; 60.9
 26.7; 57.9
 32.8; 60.8
 54.1; 43.2
 47.0; 42.8
 28.5; 49.8
 51.6; 46.4
 37.3; 35.6
 45.8; 39.2
 52.1; 48.7
 31.5; 60.2
 48.4; 74.3
 51.1; 67.9
 47.3; 41.9
 41.8; 49.4
 24.9; 43.5
 36.6; 48.2
 27.4; 61.6
 36.1; 47.9
 57.0; 58.6
 48.1; 55.5
 68.2; 58.1
 11.3; 43.0
 39.0; 57.1
 46.0; 38.4
 23.4; 73.1
 44.9; 36.1
 41.6; 55.1
 42.9; 56.4
 23.1; 47.3
 31.7; 24.7
 46.8; 55.3
 48.9; 26.5
 32.9; 66.5
 58.7; 54.4
 14.1; 59.3
 18.2; 61.3
 65.7; 68.5
 24.3; 43.5
 29.4; 25.5
 61.3; 50.4
 57.3; 51.4
 36.8; 42.1
 33.7; 56.5
 37.9; 35.6
 26.2; 77.9
 26.3; 68.8
 48.7; 57.1
 43.3; 82.9
 50.3; 60.6
 36.2; 6.9
 40.7; 47.2
 50.0; 77.3
 59.3; 52.0
 53.4; 33.7
 31.9; 72.2
 23.4; 39.0
 40.4; 51.6
 59.1; 73.3
 36.6; 51.1
 18.1; 53.7
 44.0; 57.0
 19.1; 39.4
 19.0; 49.6
 51.1; 42.4
 38.3; 55.4
 41.1; 38.3
 34.9; 50.8
 25.0; 44.0
 62.5; 43.9
 46.0; 59.6
 63.4; 47.1
 53.3; 55.1
 47.8; 43.2
 62.0; 52.7
 47.8; 53.5
 33.9; 52.4
 27.2; 49.8
 41.4; 61.8
 54.6; 47.2
 46.5; 38.1
 38.0; 62.0
 47.1; 55.1
 32.0; 55.3
 44.5; 59.5
 64.2; 61.1
 37.4; 59.1
 40.6; 78.3
 39.4; 46.6
 37.7; 37.6
 28.2; 35.9
 40.7; 57.5
 46.3; 66.5
 18.0; 55.7
 66.5; 48.8
 39.1; 45.7
 39.6; 55.6
 22.6; 63.2
 45.3; 61.1
 32.0; 65.4
 17.1; 45.2
 38.3; 62.0
 39.5; 40.8
 38.0; 42.0
 47.3; 46.6
 46.8; 73.8
 47.5; 48.3
 29.7; 55.7
 40.6; 72.2
 25.9; 46.2
 47.6; 52.0
 40.2; 68.2
 39.7; 42.2
 48.8; 46.8
 37.4; 43.6
 57.9; 31.1
 18.5; 59.2
 27.6; 61.6
 42.8; 52.3
 55.1; 42.3
 24.7; 39.0
 29.5; 53.3
 40.0; 37.1
 47.9; 51.5
 30.2; 37.1
 52.9; 53.3
 41.4; 59.1
 47.2; 57.7
 36.5; 63.8
 44.2; 73.6
 22.1; 40.9
 30.3; 64.1
 40.9; 53.6
 46.7; 51.9
 38.3; 38.5
 43.1; 55.3
 26.6; 79.8
 49.2; 82.4
 36.0; 41.3
 40.8; 60.2
 65.9; 53.8
 36.6; 57.8
 29.8; 44.1
 33.5; 57.7
 52.8; 48.2
 43.4; 51.8
 25.7; 33.5
 48.1; 37.0
 33.0; 65.0
 44.9; 49.3
 43.0; 46.1
 48.8; 57.9
 49.8; 56.0
 38.4; 59.5
 17.9; 37.7
 50.0; 57.0
 21.8; 51.8
 57.7; 52.8
 48.5; 51.6
 25.4; 48.3
 58.9; 39.7
 46.9; 28.5
 23.2; 58.6
 45.5; 69.5
 36.4; 48.2
 51.3; 39.0
 39.3; 30.9
 45.9; 45.3
 37.2; 43.8
 55.8; 56.1
 42.3; 62.7
 52.1; 54.6
 32.1; 56.6
 35.6; 46.7
 63.5; 46.5
 52.1; 65.7
 53.9; 41.9
 38.8; 55.7
 52.2; 50.2
 43.4; 47.1
 31.1; 66.0
 40.3; 41.4
 32.4; 48.2
 53.2; 57.1
 52.5; 46.0
 38.7; 44.1
 21.6; 35.3
 31.9; 44.8
 28.2; 52.0
 28.6; 42.1
 52.0; 50.7
 38.4; 67.7
 38.3; 35.6
 56.7; 48.0
 64.4; 29.5
 49.1; 26.1
 42.5; 47.8
 59.6; 38.9
 28.6; 75.6
 21.7; 58.9
 62.8; 86.1
 36.5; 19.0
 56.1; 40.5
 31.4; 50.1
 52.7; 61.6
 50.7; 62.8
 33.7; 13.5
 43.4; 53.3
 29.7; 45.5
 44.7; 65.2
 38.0; 54.9
 25.9; 42.4
 54.7; 68.5
 16.2; 50.2
 44.8; 44.8
 29.7; 52.0
 51.8; 43.8
 44.2; 51.0
 57.9; 53.5
 44.0; 43.6
 33.6; 39.7
 49.7; 36.4
 62.0; 51.8
 53.3; 61.2
 30.2; 77.4
 69.5; 44.4
 35.6; 62.8
 41.4; 43.4
 29.0; 53.3
 35.8; 54.1
 37.5; 46.8
 49.0; 44.3
 45.8; 58.1
 26.5; 34.8
 42.9; 54.5
 19.5; 38.4
 43.0; 47.5
 48.2; 47.3
 30.2; 55.1
 58.0; 58.7
 46.2; 43.0
 46.1; 50.3
 40.2; 71.2
 56.0; 37.2
 20.9; 31.5
 39.1; 38.4
 41.8; 45.1
 50.5; 31.9
 34.5; 31.1
 35.9; 45.6
 41.7; 34.9
 38.9; 30.9
 32.1; 47.2
 50.0; 66.6
 31.2; 37.8
 59.8; 43.1
 34.3; 68.7
 21.3; 49.2
 49.9; 35.8
 41.5; 52.8
 39.4; 45.7
 43.3; 43.9
 19.7; 53.3
 32.0; 40.7
 27.9; 56.4
 28.6; 59.0
 36.6; 46.6
 57.8; 49.7
 45.9; 53.1
 32.4; 48.1
 42.2; 67.9
 43.9; 54.1
 19.2; 45.6
 19.8; 57.0
 64.8; 61.6
 50.4; 52.3
 38.9; 64.8
 50.4; 44.2
 28.5; 64.2
 26.0; 46.0
 52.1; 40.7
 35.4; 38.7
 33.9; 36.9
 33.4; 32.3
 52.4; 36.3
 52.8; 59.1
 53.5; 79.8
 43.1; 26.3
 45.5; 54.8
 32.9; 28.4
 31.9; 54.8
 55.6; 52.5
 45.0; 26.9
 65.0; 63.0
 47.8; 36.0
 37.7; 37.5
 33.9; 54.7
 28.6; 48.1
 38.7; 41.6
 48.0; 45.1
 39.4; 52.1
 19.6; 56.9
 47.8; 54.4
 25.6; 36.7
 30.1; 64.4
 37.9; 52.2
 44.8; 33.9
 58.6; 33.5
 63.9; 54.2
 44.4; 47.2
 31.3; 56.4
 22.1; 59.7
 45.4; 43.6
 36.5; 50.3
 37.5; 48.6
 55.7; 57.2
 58.1; 67.0
 38.6; 45.7
 43.2; 51.1
 25.3; 42.7
 21.0; 66.9
 46.6; 46.5
 37.0; 65.5
 38.5; 31.3
 43.7; 40.1
 35.2; 39.0
 48.6; 65.2
 35.6; 36.7
 58.2; 39.5
 23.9; 54.7
 29.5; 50.6
 43.7; 57.6
 44.4; 36.6
 51.5; 39.9
 50.0; 77.8
 34.2; 62.3
 46.6; 67.0
 57.5; 57.7
 52.0; 49.7
 35.3; 51.2
 25.3; 31.5
 24.8; 41.3
 33.5; 55.5
 61.7; 40.7
 25.3; 40.7
 44.5; 49.9
 34.3; 63.1
 39.0; 61.5
 31.9; 47.0
 17.2; 43.5
 24.5; 38.3
 44.0; 62.1
 53.1; 52.0
 37.4; 62.7
 54.1; 35.0
 47.8; 51.3
 46.1; 46.8
 41.8; 35.5
 54.7; 72.0
 36.7; 36.3
 31.1; 55.6
 41.6; 67.6
 37.7; 53.0
 29.7; 50.0
 39.2; 40.6
 37.6; 43.8
 30.3; 35.2
 26.3; 31.6
 67.9; 40.8
 51.7; 54.1
 34.1; 44.1
 47.1; 65.5
 44.8; 56.1
 35.6; 63.2
 23.3; 31.2
 30.5; 60.8
 42.6; 62.3
 26.6; 35.7
 46.1; 35.4
 49.9; 56.1
 41.1; 53.5
 19.0; 39.8
 37.8; 28.4
 54.8; 34.6
 50.2; 40.4
 42.7; 40.3
 44.6; 59.8
 27.1; 30.0
 41.5; 35.9
 44.0; 41.4
 39.9; 37.8
 14.6; 61.3
 35.2; 47.7
 29.7; 40.5
 54.0; 67.1
 23.2; 43.4
 37.5; 57.0
 33.8; 43.7
 51.2; 66.7
 47.2; 55.3
 49.8; 40.7
 19.8; 51.0
 53.4; 61.2
 23.7; 73.7
 41.1; 28.9
 37.1; 27.1
 15.5; 63.8
 46.3; 56.9
 42.8; 45.6
 41.3; 54.6
 44.6; 63.2
 31.2; 25.2
 16.7; 18.0
 24.1; 47.0
 41.8; 59.4
 52.1; 53.1
 41.9; 43.3
 53.1; 31.0
 55.5; 46.0
 29.9; 37.4
 53.7; 64.0
 53.4; 64.0
 42.4; 54.1
 30.0; 32.7
 63.4; 41.5
 38.5; 47.4
 35.3; 52.2
 47.5; 28.5
 45.1; 30.5
 42.9; 61.6
 53.5; 46.8
 41.8; 31.8
 44.1; 63.0
 35.6; 28.8
 38.8; 58.3
 46.3; 36.4
 44.2; 43.8
 50.8; 47.3
 47.4; 44.1
 38.9; 65.8
 30.9; 49.4
 51.4; 52.1
 17.1; 18.1
 27.5; 41.4
 65.3; 43.4
 41.7; 67.3
 26.2; 51.7
 53.7; 42.4
 38.6; 44.5
 56.9; 57.9
 33.5; 61.2
 30.7; 69.7
 42.0; 32.6
 64.6; 42.0
 30.6; 47.4
 46.7; 32.5
 27.4; 53.3
 42.9; 66.5
 44.4; 59.0
 25.8; 41.0
 40.2; 49.8
 42.1; 45.8
 24.8; 46.2
 35.8; 48.5
 43.6; 65.3
 39.6; 58.2
 24.6; 54.4
 24.6; 62.4
 36.9; 55.4
 23.2; 78.6
 46.7; 40.3
 45.7; 48.9
 31.4; 54.2
 45.1; 20.5
 47.7; 42.8
 50.2; 41.0
 61.1; 41.1
 58.2; 33.9
 45.1; 42.9
 55.8; 56.4
 51.9; 49.7
 41.9; 52.1
 53.7; 61.4
 50.9; 64.6
 49.1; 46.4
 35.7; 61.2
 18.4; 55.9
 46.6; 53.2
 53.3; 36.1
 17.3; 64.2
 19.4; 36.0
 40.7; 53.1
 34.4; 51.5
 54.1; 41.9
 46.3; 35.4
 33.0; 39.7
 20.4; 60.5
 47.8; 38.6
 26.3; 33.2
 52.9; 67.9
 54.6; 66.4
 37.4; 36.7
 49.0; 69.1
 2.2; 63.0
 45.7; 29.0
 53.9; 47.0
 34.0; 44.1
 45.7; 72.0
 43.4; 50.0
 23.5; 46.2
 26.3; 65.7
 47.8; 45.0
 48.8; 31.1
 24.7; 52.6
 29.7; 55.7
 14.7; 40.0
 27.5; 53.2
 53.3; 64.8
 38.6; 52.5
 46.5; 47.8
 34.7; 45.6
 29.1; 67.6
 47.3; 25.5
 35.6; 37.3
 37.6; 47.0
 37.6; 59.6
 28.4; 68.5
 31.2; 29.1
 30.1; 62.9
 48.9; 49.5
 46.4; 39.2
 33.5; 50.0
 63.9; 52.7
 28.7; 49.4
 9.7; 58.2
 61.3; 65.0
 40.1; 41.0
 49.0; 46.6
 44.3; 48.2
 34.5; 50.2
 48.1; 47.8
 31.2; 39.9
 49.8; 57.9
 66.1; 70.2
 22.2; 49.6
 51.5; 42.0
 51.8; 58.2
 40.8; 34.1
 37.5; 53.4
 21.5; 42.1
 38.9; 41.9
 47.5; 44.5
 47.5; 44.2
 25.5; 45.6
 28.5; 43.9
 43.8; 56.6
 36.3; 54.0
 63.0; 54.0
 31.1; 72.1
 30.0; 54.0
 44.1; 46.0
 72.8; 68.4
 22.9; 61.3
 21.5; 48.8
 57.0; 33.2
 64.2; 45.1
 38.0; 56.7
 48.2; 36.0
 51.9; 48.9
 60.3; 55.4
 43.2; 24.4
 46.4; 54.6
 42.4; 39.3
 24.6; 47.5
 46.7; 53.4
 23.3; 82.6
 42.4; 67.4
 43.7; 68.3
 47.7; 39.1
 45.0; 41.3
 39.9; 42.1
 23.7; 57.6
 48.9; 78.0
 31.2; 41.8
 47.0; 64.6
 55.7; 36.0
 23.0; 49.0
 30.1; 45.9
 44.4; 39.3
 55.7; 47.3
 23.7; 44.9
 52.3; 51.5
 40.2; 56.7
 43.6; 54.0
 41.5; 58.3
 6.8; 38.9
 55.0; 49.5
 40.3; 41.6
 41.5; 49.8
 46.4; 28.9
 42.7; 35.8
 36.5; 33.0
 43.6; 35.0
 39.6; 38.9
 26.7; 47.6
 35.8; 55.9
 36.1; 46.8
 36.2; 45.4
 32.0; 34.1
 9.2; 55.6
 55.6; 48.0
 43.5; 48.0
 45.6; 31.2
 31.2; 37.8
 46.3; 54.3
 55.8; 39.4
 27.0; 56.8
 52.5; 29.9
 62.5; 37.6
 56.9; 41.4
 28.5; 42.7
 68.9; 31.4
 26.1; 38.7
 11.9; 72.2
 35.7; 33.1
 38.7; 44.6
 26.8; 55.9
 56.1; 66.8
 30.6; 47.7
 31.8; 70.0
 40.4; 31.7
 48.5; 41.0
 50.5; 50.3
 43.1; 38.9
 31.9; 47.4
 40.9; 45.2
 17.2; 50.6
 36.9; 38.0
 42.6; 33.8
 38.8; 24.2
 48.8; 47.2
 29.3; 38.8
 45.8; 50.5
 30.9; 36.2
 33.1; 51.6
 60.5; 65.0
 33.5; 43.5
 52.0; 35.0
 34.0; 40.0
 35.9; 50.1
 18.4; 40.2
 31.2; 36.9
 32.1; 68.1
 28.7; 51.4
 34.3; 41.1
 46.2; 59.6
 14.3; 64.4
 35.6; 39.9
 37.9; 47.4
 33.6; 64.7
 52.3; 69.5
 23.7; 39.0
 41.0; 49.1
 32.8; 37.7
 31.0; 26.3
 14.4; 46.6
 50.9; 60.4
 35.3; 52.9
 49.5; 62.8
 35.6; 62.3
 35.6; 71.6
 32.6; 38.2
 26.2; 33.4
 52.7; 27.4
 29.9; 51.9
 23.7; 24.4
 31.2; 42.6
 38.6; 64.7
 42.5; 39.8
 26.6; 36.0
 30.3; 53.0
 27.2; 43.6
 49.3; 44.8
 67.2; 57.1
 48.0; 66.9
 32.1; 48.1
 59.9; 53.4
 50.4; 27.7
 44.0; 45.3
 29.7; 59.3
 37.2; 42.1
 46.7; 61.8
 13.4; 53.6
 43.1; 34.0
 33.7; 47.7
 38.2; 60.3
 34.8; 45.3
 64.0; 85.0
 29.6; 48.8
 48.7; 33.3
 43.5; 41.5
 56.2; 46.8
 42.7; 72.7
 41.3; 82.3
 41.7; 47.9
 51.2; 29.3
 15.8; 39.3
 51.6; 42.6
 42.1; 40.5
 36.7; 55.0
 35.4; 65.2
 67.8; 49.2
 33.4; 68.0
 27.5; 44.8
 33.5; 74.9
 38.8; 46.0
 30.8; 63.8
 37.9; 40.4
 32.7; 47.5
 58.2; 73.4
 47.4; 34.5
 65.8; 43.9
 38.8; 71.2
 44.6; 37.1
 66.9; 43.8
 49.9; 58.8
 45.9; 68.0
 71.4; 22.3
 42.6; 49.7
 20.6; 30.3
 35.7; 83.0
 25.6; 77.9
 39.0; 64.6
 23.1; 57.5
 43.4; 60.0
 29.4; 50.3
 43.3; 54.0
 30.3; 79.4
 31.6; 40.3
 26.9; 50.3
 54.8; 57.7
 35.1; 63.3
 48.4; 40.9
 36.2; 59.2
 26.0; 50.3
 24.5; 65.9
 16.6; 33.4
 8.2; 41.9
 34.0; 55.1
 53.1; 40.0
 57.0; 42.3
 61.8; 71.4
 52.0; 52.2
 36.6; 71.3
 20.0; 53.7
 52.5; 41.2
 15.9; 55.7
 35.6; 71.6
 17.5; 25.7
 32.5; 65.7
 46.6; 75.3
 43.5; 61.1
 59.8; 80.8
 36.3; 68.7
 22.5; 32.5
 36.3; 46.3
 65.5; 47.6
 49.9; 54.4
 45.9; 40.4
 32.6; 42.8
 51.9; 44.6
 43.2; 66.2
 44.6; 58.3
 45.1; 42.5
 59.6; 46.1
 51.0; 56.9
 24.7; 65.8
 39.6; 63.3
 31.4; 48.3
 50.8; 62.3
 22.7; 70.8
 39.5; 52.9
 42.2; 40.0
 45.4; 62.4
 30.5; 56.2
 41.7; 56.5
 41.7; 37.1
 26.6; 36.3
 43.6; 61.6
 37.2; 50.2
 53.4; 52.6
 32.5; 47.4
 41.6; 48.6
 43.3; 47.7
 51.8; 33.5
 50.9; 42.7
 37.6; 52.4
 41.4; 42.5
 52.5; 77.3
 33.3; 53.7
 46.6; 47.4
 51.2; 58.8
 51.1; 51.7
 56.4; 46.9
 17.9; 63.2
 37.4; 38.7
 35.9; 55.6
 10.0; 34.5
 36.5; 45.5
 40.3; 70.3
 39.1; 44.8
 39.2; 54.0
 38.0; 56.2
 44.4; 50.1
 42.2; 64.6
 48.2; 32.0
 38.0; 50.7
 43.9; 60.2
 43.0; 45.1
 45.5; 51.4
 45.8; 53.3
 18.0; 42.1
 66.2; 60.0
 55.6; 31.8
 22.1; 56.8
 39.7; 35.8
 52.4; 62.0
 44.2; 53.0
 49.4; 44.9
 35.6; 53.4
 72.6; 39.6
 33.2; 34.2
 39.7; 47.4
 12.2; 56.6
 57.9; 48.2
 29.6; 40.5
 53.3; 25.6
 40.6; 40.8
 37.0; 50.9
 58.4; 71.4
 48.2; 42.4
 21.1; 24.7
 47.9; 56.3
 49.7; 53.5
 43.4; 58.0
 36.4; 48.1
 38.9; 55.7
 27.8; 58.0
 33.8; 63.9
 20.2; 54.5
 39.7; 46.7
 38.4; 63.9
 42.5; 30.6
 42.2; 22.8
 55.1; 30.7
 44.7; 56.5
 32.7; 63.6
 37.9; 51.6
 40.3; 46.7
 25.7; 68.9
 45.4; 48.5
 55.2; 40.9
 23.6; 52.1
 11.2; 52.1
 42.9; 51.3
 47.9; 50.2
 5.0; 59.3
 45.3; 23.6
 28.6; 53.9
 48.2; 49.9
 18.6; 51.0
 30.2; 47.5
 31.8; 42.3
 59.4; 44.8
 39.9; 71.8
 29.6; 65.2
 62.2; 22.6
 34.4; 26.7
 35.1; 60.6
 47.3; 50.5
 54.8; 40.0
 56.4; 52.6
 30.7; 65.1
 42.4; 32.4
 59.9; 41.6
 47.7; 45.2
 27.9; 50.0
 38.0; 41.8
45.5;40.0
 29.9; 27.8
 5.4; 49.7
 45.1; 56.8
 35.6; 52.2
 43.4; 54.5
 43.6; 33.7
 30.3; 56.8
 48.1; 47.2
 46.2; 58.6
 44.4; 60.1
 42.6; 27.9
 43.5; 42.3
 39.8; 54.2
 45.8; 79.4
 48.4; 48.6
 35.3; 45.1
 50.5; 50.4
 47.9; 39.3
 43.5; 70.8
 42.5; 45.7
 26.3; 42.1
 31.8; 56.1
 28.9; 62.4
 43.4; 53.9
 18.6; 48.9
 43.7; 36.3
 55.7; 52.7
 45.2; 34.0
 37.3; 40.5
 36.5; 43.1
 48.4; 63.4
 36.5; 58.0
 48.8; 51.4
 40.0; 54.8
 42.2; 50.8
 68.3; 42.8
 41.8; 64.4
 50.7; 61.5
 45.8; 46.0
 34.0; 71.8
 34.3; 41.5
 63.1; 47.5
 52.1; 64.9
 44.6; 57.7
 36.8; 71.7
 29.2; 57.9
 50.4; 40.1
 27.3; 62.4
 57.2; 41.0
 44.4; 46.1
 52.2; 46.8
 30.7; 62.1
 22.8; 41.9
 45.8; 51.1
 27.5; 77.2
 39.5; 73.9
 44.4; 52.7
 37.4; 47.1
 41.8; 46.9
 51.3; 43.7
 29.4; 22.6
 39.5; 52.7
 30.8; 46.2
 35.5; 55.7
 35.1; 49.6
 51.2; 43.1
 39.1; 46.5
 29.8; 48.9
 54.5; 62.0
 33.8; 27.0
 28.9; 38.3
 55.5; 64.7
 36.7; 46.0
 43.4; 53.8
 36.2; 33.1
 42.3; 38.8
 36.6; 44.7
 44.1; 52.1
 33.1; 46.2
 42.3; 52.9
 24.1; 75.9
 39.2; 42.6
 45.4; 58.9
 31.2; 31.7
 43.1; 63.7
 50.5; 57.0
 23.0; 49.1
 42.6; 64.5
 48.3; 24.0
 63.6; 55.8
 38.7; 59.7
 47.5; 58.3
 35.2; 43.0
 27.5; 66.7
 35.1; 64.1
 55.3; 37.4
 27.4; 51.0
 47.3; 54.2
 50.6; 53.1
 36.1; 48.2
 48.8; 49.8
 48.6; 63.0
 46.7; 55.3
 31.2; 56.6
 38.6; 69.5
 19.6; 22.7
 50.9; 24.4
 48.5; 36.6
 32.4; 46.2
 54.3; 70.1
 20.2; 62.7
 49.3; 58.9
 27.8; 41.1
 45.9; 36.4
 33.1; 65.2
 57.7; 37.4
 32.7; 46.1
 33.8; 66.9
 36.9; 40.9
 33.1; 52.6
 24.2; 35.5
 47.8; 62.5
 60.5; 30.4
 52.3; 66.1
 54.4; 31.3
 26.5; 54.7
 58.7; 56.2
 34.5; 65.5
 32.5; 38.5
 42.3; 37.2
 36.8; 57.4
 33.2; 76.6
 53.2; 40.4
 33.2; 53.7
 50.7; 48.6
 31.2; 44.2
 43.0; 42.5
 32.4; 53.9
 34.4; 33.0
 32.3; 56.1
 53.1; 61.9
 28.0; 36.7
 48.0; 50.0
 54.9; 42.2
 26.4; 50.0
 34.5; 58.2
 37.6; 18.5
 34.4; 34.3
 41.8; 44.3
 46.6; 60.2
 26.0; 49.4
 37.6; 50.9
 49.3; 48.6
 46.2; 65.1
 48.5; 55.4
 34.7; 52.0
 39.8; 50.4
 42.1; 59.4
 37.2; 49.4
 50.8; 54.8
 36.0; 49.8
 32.0; 48.2
 26.0; 73.8
 32.2; 41.5
 26.5; 57.6
 36.2; 50.0
 18.9; 38.2
 29.9; 54.2
 27.0; 58.1
 28.7; 33.5
 38.2; 35.2
 44.6; 64.8
 38.5; 50.3
 19.1; 68.0
 20.2; 51.5
 20.1; 53.8
 61.3; 42.5
 43.3; 29.5
 29.6; 45.3
 41.0; 46.1
 40.1; 67.1
 25.5; 52.5
 51.3; 55.2
 35.1; 44.1
 14.1; 32.0
 46.8; 44.4
 36.0; 49.9
 47.4; 27.0
 51.0; 40.4
 26.0; 46.3
 40.6; 56.0
 67.3; 41.6
 38.3; 68.6
 47.7; 55.7
 38.1; 46.0
 29.1; 31.6
 35.8; 39.2
 23.0; 17.7
 60.4; 53.3
 26.0; 35.3
 43.2; 58.8
 42.2; 43.8
 64.5; 71.3
 33.5; 49.4
 48.7; 57.5
 38.8; 50.0
 38.3; 35.9
 34.9; 49.5
 74.9; 60.5
 45.6; 50.4
 29.1; 78.0
 28.0; 58.7
 42.5; 66.7
 17.5; 41.7
 39.6; 32.3
 43.1; 57.6
 32.6; 54.3
 25.4; 36.5
 31.4; 46.0
 38.8; 48.8
 34.9; 58.5
 28.1; 53.1
 44.3; 24.3
 36.1; 47.7
 33.2; 56.8
 20.2; 62.8
 33.3; 52.9
 49.1; 30.5
 36.9; 61.1
 68.3; 42.0
 26.3; 28.1
 39.5; 53.7
 42.7; 31.9
 44.8; 45.2
 56.3; 38.0
 28.9; 46.2
 53.2; 46.8
 14.1; 65.2
 46.5; 46.0
 47.5; 38.7
 31.2; 46.9
 43.3; 50.1
 40.7; 36.6
 38.9; 43.8
 60.1; 46.9
 31.5; 59.9
 24.9; 53.1
 40.8; 52.8
 39.0; 30.9
 34.8; 38.8
 72.3; 55.8
 54.0; 62.9
 42.4; 56.4
 43.6; 81.9
 28.5; 56.8
 42.5; 32.4
 31.8; 27.1
 27.8; 54.3
 24.5; 60.6
 54.4; 50.1
 49.5; 52.8
 41.4; 53.6
 54.6; 45.7
 42.7; 46.7
 49.2; 54.4
 36.8; 52.3
 40.3; 53.7
 46.7; 56.0
 20.5; 63.5
 51.2; 35.5
 44.9; 47.2
 23.3; 29.9
 39.6; 31.6
 34.0; 61.5
 34.1; 53.2
 24.2; 49.8
 35.7; 70.5
 37.9; 62.7
 37.2; 50.5
 25.9; 50.8
 35.7; 39.8
 42.6; 76.9
 25.6; 35.5
 54.5; 39.5
 53.9; 52.2
 46.8; 20.9
 44.5; 41.9
 43.8; 61.5
 40.3; 42.8
 42.2; 59.1
 31.5; 46.1
 42.2; 60.1
 24.1; 69.1
 28.1; 51.6
 35.7; 49.9
 48.5; 54.6
 47.9; 53.2
 33.4; 47.1
 50.5; 68.2
 19.4; 50.1
 45.4; 25.9
 49.5; 51.2
 40.4; 47.2
 42.4; 39.7
 33.2; 40.2
 36.9; 42.3
 29.1; 45.5
 39.5; 43.3
 50.4; 55.4
 40.1; 46.3
 38.7; 55.1
 41.3; 50.0
 25.8; 36.0
 54.4; 46.1
 47.4; 44.5
 48.2; 50.3
 27.3; 38.2
 41.4; 55.2
 40.9; 52.8
 49.4; 54.1
 42.6; 13.4
 56.6; 45.9
 26.7; 48.7
 39.9; 32.9
 28.0; 50.5
 36.6; 62.4
 58.2; 55.7
 41.1; 11.3
 46.2; 47.8
 36.4; 57.0
 53.1; 57.7
 59.2; 37.0
 47.3; 45.1
 45.0; 43.4
 42.1; 19.9
 34.6; 55.4
 45.1; 57.1
 19.4; 42.3
 36.9; 63.9
 47.3; 40.7
 38.5; 45.2
 49.1; 51.3
 39.3; 38.0
 55.0; 45.8
 22.9; 57.2
 27.8; 34.9
 49.5; 63.0
 32.1; 29.8
 36.3; 42.8
 55.0; 50.0
 19.5; 56.5
 21.8; 50.0
 62.2; 48.6
 18.0; 60.9
 33.3; 41.2
 54.1; 46.1
 54.9; 67.4
 37.9; 59.7
 24.5; 55.0
 28.8; 44.4
 32.9; 52.7
 41.0; 48.9
 63.6; 39.8
 51.8; 59.1
 31.0; 55.6
 52.2; 61.5
 23.5; 44.2
 51.6; 27.2
 20.6; 59.3
 39.3; 60.6
 36.5; 61.4
 51.3; 63.6
 49.5; 48.1
 56.0; 50.4
 40.0; 83.2
 46.5; 27.9
 31.1; 46.6
 29.9; 42.5
 35.0; 67.3
 34.1; 31.2
 32.8; 50.1
 29.7; 51.5
 58.8; 63.2
 33.1; 61.7
 38.1; 53.5
 62.8; 52.9
 47.5; 43.2
 36.4; 50.4
 46.7; 56.3
 41.1; 84.8
 51.7; 32.8
 45.0; 20.8
 39.7; 59.1
 50.5; 72.3
 36.8; 48.4
 43.5; 49.0
 43.4; 42.6
 24.8; 63.6
 23.2; 55.0
 30.2; 58.6
 27.3; 49.8
 54.2; 52.7
 45.4; 45.8
 48.1; 47.9
 23.3; 65.3
 39.9; 46.6
 55.5; 28.9
 43.8; 42.9
 14.1; 36.5
 47.2; 51.9
 35.3; 57.5
 50.1; 63.3
 41.8; 31.4
 19.9; 35.6
 28.7; 60.4
 45.3; 53.8
 26.3; 57.1
 40.6; 44.1
 22.2; 47.8
 48.1; 31.3
 33.4; 43.0
 50.3; 46.5
 49.5; 60.2
 45.5; 58.0
 39.1; 42.0
 33.4; 43.7
 20.9; 55.8
 46.8; 47.8
 41.4; 49.5
 39.5; 43.9
 30.5; 49.2
 56.8; 55.9
 50.7; 23.0
 31.9; 45.1
 40.7; 62.8
 37.7; 52.1
 35.7; 47.0
 28.4; 56.7
 29.9; 44.3
 36.0; 35.5
 39.0; 35.1
 50.3; 44.5
 26.7; 64.7
 39.0; 17.0
 27.2; 53.3
 69.1; 55.3
 65.5; 43.2
 45.2; 76.9
 35.1; 34.7
 39.7; 49.6
 62.5; 54.2
 30.5; 45.5
 50.8; 46.9
 39.3; 47.3
 50.4; 56.3
 22.2; 59.3
 22.4; 33.9
 38.8; 50.4
 46.7; 51.4
 25.6; 35.9
 33.4; 48.6
 32.8; 38.9
 27.0; 60.2
 25.3; 49.8
 38.4; 73.2
 42.1; 51.2
 33.4; 43.6
 17.4; 50.6
 20.2; 54.0
 45.2; 53.0
 48.1; 45.6
 39.3; 64.5
 58.7; 57.4
 45.2; 58.0
 17.2; 54.6
 46.6; 56.7
 10.6; 60.2
 40.9; 40.3
 44.0; 71.8
 39.9; 64.8
 29.9; 71.2
 29.4; 34.8
 32.9; 44.4
 36.3; 39.6
 36.3; 50.7
 39.6; 54.9
 46.2; 59.4
 25.8; 52.7
 38.3; 47.6
 31.6; 44.9
 38.6; 54.0
 34.4; 56.2
 46.0; 45.4
 30.5; 48.6
 44.5; 75.7
 34.9; 26.8
 47.0; 50.3
 52.5; 50.8
 47.8; 39.1
 38.4; 54.8
 48.3; 50.5
 41.6; 43.8
 34.4; 47.3
 36.2; 29.6
 22.4; 67.5
 41.6; 40.3
 30.4; 73.3
 28.2; 49.7
 43.9; 57.2
 22.7; 53.7
 34.0; 50.9
 53.3; 40.7
 55.0; 88.2
 57.5; 42.4
 39.4; 31.5
 36.7; 43.5
 38.2; 33.0
 30.0; 40.6
 30.0; 26.8
 22.6; 62.0
 53.0; 64.8
 49.9; 62.6
 31.0; 56.3
 51.9; 50.3
 31.1; 24.0
 60.6; 68.5
 36.2; 25.3
 47.2; 66.3
 18.4; 53.6
 35.9; 56.6
 31.0; 52.3
 27.7; 47.9
 47.7; 48.1
 43.4; 34.9
 42.4; 41.1
 34.0; 41.7
 43.1; 38.1
 43.1; 68.0
 55.5; 54.5
 41.7; 46.1
 24.6; 54.6
 20.6; 53.7
 36.2; 62.0
 58.6; 64.1
 48.5; 48.5
 35.9; 37.0
 52.7; 58.3
 41.3; 63.4
 31.7; 63.0
 21.9; 42.1
 48.0; 34.8
 53.2; 44.6
 45.8; 47.8
 27.5; 54.4
 55.0; 53.6
 20.3; 44.9
 35.0; 55.6
 31.1; 49.3
 58.4; 49.9
 43.4; 50.0
 39.9; 52.6
 18.5; 50.7
 76.7; 51.2
 44.4; 48.9
 10.3; 29.7
 49.4; 56.2
 39.8; 40.2
 47.1; 58.1
 31.5; 35.3
 36.0; 49.5
 41.2; 42.5
 58.3; 48.9
 44.3; 35.5
 53.8; 46.6
 36.7; 42.1
 40.5; 43.6
 37.7; 61.3
 46.3; 39.4
 44.1; 32.7
 33.6; 55.2
 31.4; 33.8
 16.9; 62.0
 23.7; 64.2
 44.3; 64.0
 39.7; 52.4
 51.8; 45.4
 36.0; 66.0
 38.0; 49.1
 49.5; 35.0
 46.4; 69.3
 43.1; 54.1
 35.2; 47.0
 40.3; 49.5
 37.8; 31.2
 38.7; 51.8
 54.2; 41.7
 31.4; 34.8
 51.6; 49.2
 60.4; 48.8
 36.5; 55.8
 44.2; 60.1
 35.1; 47.1
 29.5; 49.4
 33.8; 67.5
 47.1; 40.1
 56.9; 52.4
 54.2; 57.6
 46.2; 45.5
 50.6; 53.8
 34.8; 54.2
 39.7; 35.1
 40.6; 53.1
 28.0; 62.0
 43.3; 52.4
 26.8; 39.4
 50.8; 35.4
 15.8; 65.4
 29.3; 49.0
 40.1; 46.5
 31.9; 39.8
 59.3; 55.9
 49.1; 34.0
 40.5; 60.7
 43.3; 47.8
 43.7; 39.5
 23.7; 60.8
 44.3; 54.3
 24.6; 77.0
 32.0; 48.7
 48.5; 56.3
 43.4; 70.8
 38.0; 33.0
 29.7; 63.9
 49.7; 45.1
 32.0; 53.5
 28.2; 52.4
 40.5; 53.5
 60.0; 53.8
 30.2; 73.5
 37.8; 44.6
 27.9; 48.0
 34.9; 33.2
 54.4; 64.3
 43.6; 47.8
 48.0; 47.2
 41.2; 64.2
 47.8; 35.4
 47.0; 55.3
 42.3; 48.1
 39.0; 42.0
 54.6; 42.2
 14.0; 39.9
 29.4; 49.9
 48.2; 41.0
 38.6; 55.8
 40.3; 50.8
 30.4; 44.3
 55.9; 57.8
 27.4; 50.5
 50.0; 53.9
 19.1; 43.5
 23.8; 41.6
 59.1; 49.0
 33.0; 30.0
 25.9; 36.0
 16.3; 26.6
 37.1; 67.2
 38.8; 56.7
 43.4; 62.6
 58.0; 44.6
 31.3; 74.7
 53.1; 53.2
 25.9; 44.0
 45.2; 25.7
 31.7; 23.9
 47.5; 31.0
 53.9; 36.8
 43.8; 56.4
 51.9; 56.8
 36.5; 60.6
 45.0; 42.7
 34.4; 45.6
 30.7; 60.3
 39.8; 47.1
 22.1; 51.1
 33.7; 48.1
 33.7; 46.8
 27.1; 46.7
 41.2; 42.2
 21.4; 52.0
 47.8; 38.3
 34.3; 68.4
 42.7; 61.0
 36.1; 62.6
 45.6; 58.5
 30.7; 50.4
 46.0; 57.8
 31.0; 57.9
 60.2; 65.3
 42.4; 32.7
 35.2; 32.1
 29.4; 56.0
 48.9; 53.4
 56.7; 47.4
 34.6; 57.2
 45.0; 61.9
 27.9; 59.0
 49.5; 65.5
 21.4; 52.3
 26.7; 58.7
 30.8; 54.3
 28.3; 37.5
 41.3; 46.7
 34.6; 73.1
 38.8; 44.1
 20.5; 41.1
 43.0; 36.5
 52.8; 47.2
 28.7; 56.2
 47.6; 48.6
 42.6; 50.3
 35.7; 53.6
 56.0; 55.6
 42.6; 46.6
 37.8; 49.0
 43.1; 43.9
 28.3; 73.7
 32.3; 69.6
 39.7; 36.1
 31.1; 61.9
 24.5; 63.9
 12.4; 66.7
 47.4; 44.4
 55.0; 61.8
 35.6; 43.2
 33.3; 51.9
 28.5; 49.4
 22.2; 45.3
 36.8; 31.0
 30.6; 38.3
 54.8; 47.4
 33.0; 36.2
 32.9; 35.2
 32.6; 52.0
 46.5; 49.4
 43.8; 51.1
 30.3; 4.5
 22.5; 72.5
 32.1; 19.3
 50.8; 59.0
 75.3; 51.7
 42.7; 64.4
 44.4; 43.1
 52.6; 58.2
 44.3; 33.0
 44.7; 43.0
 23.9; 37.5
 48.9; 27.3
 57.5; 55.5
 65.4; 61.0
 26.9; 45.4
 56.2; 72.2
 31.6; 43.6
 40.9; 57.9
 40.2; 32.0
 61.6; 44.4
 32.4; 32.7
 12.4; 72.9
 23.0; 44.2
 40.2; 41.2
 47.4; 40.8
 32.9; 53.7
 17.4; 73.2
 24.3; 44.3
 40.3; 41.1
 38.7; 56.8
 19.5; 75.9
 45.0; 60.4
 38.2; 51.8
 21.6; 65.8
 32.1; 40.7
 31.8; 61.3
 39.8; 54.5
 14.3; 68.5
 37.9; 64.1
 33.8; 49.1
 29.0; 45.9
 54.7; 55.8
 14.1; 59.1
 72.1; 48.6
 38.4; 59.4
 63.6; 39.2
 48.9; 58.2
 39.2; 37.2
 41.0; 67.7
 44.2; 62.1
 14.1; 47.6
 47.2; 55.6
 42.2; 50.0
 54.7; 46.6
 30.1; 25.9
 30.7; 30.4
 16.3; 56.1
 36.2; 65.2
 47.4; 50.0
 21.2; 59.3
 30.6; 71.9
 27.6; 71.0
 45.4; 39.6
 43.6; 43.2
 49.6; 40.5
 32.8; 50.2
 31.6; 54.5
 24.1; 64.4
 34.3; 42.6
 39.3; 51.6
 53.4; 27.0
 41.6; 63.2
 35.3; 52.5
 29.7; 69.3
 22.8; 31.3
 44.4; 54.3
 26.2; 53.1
 41.5; 60.2
 37.1; 65.3
 7.6; 32.3
 30.4; 57.0
 42.2; 45.3
 25.6; 75.1
 44.8; 52.7
 43.7; 36.3
 33.1; 38.7
 41.4; 70.0
 57.9; 39.6
 59.2; 56.9
 36.0; 62.0
 19.5; 51.4
 36.7; 48.2
 60.2; 20.4
 43.8; 10.1
 31.8; 71.1
 38.7; 53.5
 46.5; 31.1
 45.5; 51.9
 56.7; 49.2
 51.8; 42.8
 44.4; 41.5
 30.8; 55.1
 37.1; 35.0
 34.4; 44.8
 59.9; 37.4
 46.9; 38.1
 43.8; 29.4
 41.3; 52.0
 25.1; 43.8
 27.7; 55.1
 55.7; 44.9
 33.3; 54.0
 51.0; 43.1
 33.4; 35.4
 29.4; 77.7
 36.3; 63.6
 22.3; 51.2
 10.5; 53.8
 58.6; 57.9
 26.6; 51.9
 37.8; 23.3
 44.7; 61.3
 29.8; 45.1
 36.1; 49.1
 44.8; 42.5
 58.2; 58.1
 28.1; 55.0
 34.6; 68.5
 36.5; 34.1
 53.2; 38.5
 27.7; 59.0
 50.8; 48.9
 45.1; 47.1
 24.4; 27.5
 33.2; 51.6
 44.1; 65.6
 48.5; 40.0
 27.3; 66.7
 24.0; 37.6
 29.8; 47.5
 45.6; 78.4
 52.3; 64.7
 55.1; 32.3
 43.6; 51.8
 35.5; 76.0
 46.9; 59.3
 40.4; 55.6
 53.4; 54.5
 53.5; 68.2
 46.5; 52.6
 38.9; 46.8
 37.4; 36.7
 41.5; 40.0
 35.2; 53.0
 26.1; 50.2
 47.1; 58.6
 39.4; 27.5
 53.8; 58.6
 32.9; 53.3
 41.8; 40.7
 58.7; 49.1
 32.4; 83.5
 39.2; 40.6
 63.8; 46.5
 52.5; 48.7
 43.0; 59.8
 52.9; 46.4
 55.4; 48.7
 44.3; 35.5
 40.0; 55.4
 28.6; 50.6
 27.8; 60.0
 35.1; 42.5
 61.6; 71.3
 35.7; 54.8
 35.9; 35.4
 34.5; 53.6
 35.2; 64.6
 44.0; 53.9
 37.6; 44.8
 59.0; 56.5
 27.8; 65.9
 39.4; 57.2
 48.7; 51.5
 40.1; 51.8
 28.4; 51.5
 58.2; 36.6
 20.5; 53.2
 31.4; 68.0
 49.2; 43.5
 43.3; 37.4
 60.5; 48.4
 38.9; 66.2
 31.3; 65.8
 28.9; 35.4
 50.3; 48.8
 30.0; 48.7
 32.6; 21.7
 21.9; 57.8
 57.9; 54.2
 41.2; 35.8
 26.7; 63.6
 48.7; 36.6
 41.1; 42.3
 32.5; 64.5
 37.1; 64.9
 55.1; 27.2
 61.6; 37.0
 42.4; 38.4
 39.8; 48.2
 56.5; 23.8
 35.1; 53.4
 27.2; 43.7
 37.2; 47.9
 36.0; 75.6
 30.7; 51.8
 57.9; 47.5
 43.2; 47.2
 54.3; 20.6
 22.5; 54.0
 47.6; 62.8
 40.8; 47.8
 59.5; 61.6
 36.2; 42.2
 45.7; 35.4
 40.1; 63.3
 52.7; 51.2
 28.0; 30.7
 38.2; 39.0
 49.3; 59.0
 51.7; 66.8
 47.8; 61.2
 36.7; 59.1
 38.5; 61.6
 22.5; 62.0
 39.9; 36.2
 42.1; 56.7
 44.2; 67.4
 31.8; 25.4
 34.0; 47.2
 26.7; 55.0
 39.2; 56.1
 36.1; 55.0
 51.1; 48.8
 40.6; 48.0
 40.1; 56.6
 29.6; 33.1
 39.4; 60.6
 40.3; 70.4
 38.1; 58.3
 41.3; 30.0
 36.4; 59.3
 40.4; 46.1
9.8;81.4
 29.0; 86.8
 17.0; 89.0
 34.4; 90.9
 37.7; 90.5
 24.9; 112.8
 25.2; 75.9
 8.3; 83.3
 7.4; 98.8
 16.4; 88.5
 26.9; 83.3
 21.7; 95.3
 16.6; 85.9
 38.9; 83.2
 24.2; 85.1
 33.3; 93.9
 32.6; 75.0
 1.9; 106.4
 17.3; 63.0
 32.4; 87.7
 33.7; 89.2
 18.4; 70.7
 39.0; 67.1
 2.8; 99.5
 6.5; 65.8
 35.4; 78.8
 26.1; 102.4
 16.8; 93.3
 12.4; 84.5
 15.6; 87.5
 12.0; 79.5
 12.3; 86.4
 42.5; 108.8
 6.7; 119.8
 8.3; 83.6
 9.5; 85.2
 24.7; 92.9
 14.2; 99.9
 10.8; 102.9
 1.8; 106.7
 44.5; 94.2
 22.7; 87.1
 25.1; 81.9
 21.7; 74.7
 31.3; 65.3
 11.1; 92.9
 38.7; 75.7
 46.0; 96.7
 5.8; 83.1
 33.7; 83.2
 12.9; 92.4
 42.1; 77.5
 8.2; 111.3
 4.5; 88.6
 16.8; 92.5
 30.0; 101.6
 22.0; 94.5
 10.9; 83.8
 36.8; 81.2
 11.9; 76.1
 22.9; 82.4
 21.6; 58.1
 20.9; 85.3
 40.7; 71.6
 37.1; 104.4
 20.8; 74.0
 27.5; 107.7
 2.4; 94.4
 27.1; 103.3
 31.1; 85.4
 7.8; 90.3
 20.8; 92.0
 18.0; 116.0
 20.0; 93.9
 20.5; 77.8
 9.2; 83.0
 17.6; 92.2
 26.6; 85.4
 -0.3; 92.1
 14.5; 81.9
 10.5; 92.2
 17.3; 81.4
 19.0; 77.2
 15.9; 101.4
 22.7; 96.3
 15.9; 90.8
 33.8; 77.1
 22.7; 82.0
 22.9; 65.6
 7.9; 96.7
 13.8; 103.9
 -6.5; 70.0
 41.1; 118.2
 21.1; 103.3
 27.5; 79.0
 35.6; 103.0
 12.8; 85.0
 17.2; 86.8
 15.6; 92.3
 19.1; 86.9
 3.8; 75.7
 45.1; 105.3
 10.0; 77.2
 11.4; 88.2
 22.6; 101.3
 3.8; 91.1
 21.6; 104.8
 21.0; 95.1
 1.2; 80.4
 26.4; 87.9
 21.2; 94.8
 17.2; 94.5
 15.1; 72.8
 -8.1; 71.0
 43.9; 90.9
 2.6; 81.5
 5.3; 106.0
 -0.2; 76.4
 11.1; 92.8
 26.4; 96.0
 -22.2; 77.4
 32.7; 116.1
 27.7; 83.0
 -12.2; 89.6
 -4.7; 81.6
 14.3; 90.1
 36.6; 87.2
 -15.3; 90.1
 35.6; 82.7
 12.1; 106.3
 26.0; 83.6
 11.7; 100.0
 19.0; 90.4
 27.2; 92.1
 19.7; 74.2
 24.3; 79.6
 17.4; 92.4
 11.5; 81.6
 24.7; 95.6
 11.9; 82.6
 27.0; 96.2
 5.3; 87.2
 31.4; 100.7
 42.7; 65.1
 20.0; 91.4
 32.7; 96.0
 7.0; 106.0
 24.0; 81.4
 14.8; 86.2
 15.6; 75.3
 35.9; 83.1
 29.1; 78.8
 20.7; 87.7
 35.7; 99.4
 20.8; 91.1
 5.3; 108.9
 12.0; 83.5
 20.5; 102.9
 4.1; 72.2
 19.3; 92.5
 34.3; 94.7
 14.5; 71.7
 5.0; 108.6
 21.1; 76.7
 27.0; 80.8
 12.7; 98.7
 19.2; 96.8
 35.6; 79.7
 31.1; 96.6
 10.4; 78.2
 43.3; 93.9
 0.4; 84.5
 15.0; 86.3
 24.1; 75.0
 16.5; 100.7
 17.4; 95.9
 27.3; 88.1
 39.1; 93.0
 18.6; 89.2
 6.7; 90.4
 -10.6; 62.8
 11.5; 85.0
 -2.2; 105.7
 30.5; 119.4
 21.9; 92.0
 15.9; 102.3
 21.5; 104.7
 35.1; 110.7
 27.9; 89.1
 10.9; 109.1
 14.4; 77.2
 8.5; 72.6
 30.9; 104.8
 2.2; 87.3
 13.1; 83.3
 28.0; 108.9
 15.2; 82.4
 27.4; 83.2
 45.7; 94.8
 23.8; 87.1
 10.3; 95.3
 11.2; 89.4
 14.6; 87.7
 11.8; 97.0
 14.3; 70.5
 40.0; 84.0
 5.9; 88.2
 3.4; 100.2
 4.3; 91.1
 0.9; 91.0
 12.0; 91.9
 33.1; 83.9
 21.5; 93.3
 8.2; 88.5
 34.0; 76.7
 6.0; 85.5
 18.2; 71.2
 20.3; 127.2
 8.6; 96.7
 22.3; 82.0
 37.2; 95.3
 21.1; 78.8
 17.2; 102.3
 7.2; 108.4
 4.3; 115.0
 19.8; 82.9
 22.0; 111.7
 10.5; 94.1
 28.9; 92.3
 23.6; 90.6
 18.3; 97.4
 43.3; 84.7
 12.1; 105.4
 35.5; 103.4
 16.5; 88.6
 7.3; 88.7
 36.3; 83.6
 21.8; 87.6
 14.5; 86.8
 23.4; 81.3
 15.4; 78.4
 35.6; 88.1
 18.9; 80.3
 34.1; 88.2
 -9.0; 86.1
 28.3; 82.1
 40.2; 103.5
 7.8; 85.2
 31.4; 83.6
 24.3; 97.0
 13.0; 103.3
 2.3; 85.6
 8.7; 69.5
 22.1; 76.1
 29.0; 97.5
 17.6; 96.9
 28.1; 55.0
 27.8; 99.5
 30.3; 93.0
 30.8; 94.4
 33.6; 80.5
 18.9; 95.6
 20.3; 83.0
 8.1; 80.1
 3.1; 81.4
 23.6; 90.5
 29.4; 87.7
 25.3; 90.7
 13.5; 96.1
 13.3; 98.2
 19.9; 86.2
 42.2; 77.9
 17.7; 90.8
 31.6; 90.5
 4.1; 77.6
 35.0; 75.9
 14.4; 94.3
 34.9; 72.4
 11.5; 99.2
 39.5; 100.5
 24.5; 82.6
 32.1; 93.3
 6.9; 101.6
 9.4; 86.7
 22.9; 94.4
 9.9; 101.6
 10.6; 68.5
 36.5; 76.2
 33.3; 79.3
 24.9; 100.8
 38.9; 86.4
 27.5; 84.5
 17.6; 82.7
 22.8; 74.1
 34.7; 72.4
 15.2; 86.6
 26.5; 90.7
 11.3; 81.4
 -11.3; 82.7
 1.2; 72.5
 28.6; 122.6
 9.9; 82.8
 19.9; 93.5
 9.8; 81.9
 15.1; 101.0
 17.5; 72.6
 7.2; 98.2
 13.8; 85.1
 28.6; 73.1
 19.4; 77.4
 0.6; 94.0
 12.4; 98.0
 14.1; 80.7
 9.4; 69.3
 31.4; 83.0
 5.6; 82.6
 17.2; 87.9
 6.1; 89.9
 14.1; 77.8
 25.2; 90.3
 30.5; 67.4
 28.7; 81.4
 35.7; 94.2
 16.5; 119.6
 38.2; 112.7
 5.0; 88.4
 8.4; 98.5
 7.3; 90.2
 6.9; 103.3
 15.5; 80.3
 29.4; 81.0
 30.2; 66.1
 50.1; 80.1
 11.8; 89.1
 45.9; 107.4
 15.5; 92.9
 22.6; 97.3
 12.5; 63.6
 30.8; 95.5
 18.8; 87.5
 27.7; 83.4
 19.5; 98.7
 40.1; 107.9
 14.0; 74.2
 9.5; 79.2
 19.3; 83.8
 44.7; 83.1
 27.3; 90.6
 4.0; 80.7
 1.7; 62.9
 10.0; 114.7
 -7.1; 80.0
 32.0; 92.9
 18.5; 80.9
 0.6; 74.5
 44.3; 101.6
 16.6; 84.0
 8.4; 109.0
 27.5; 97.6
 15.1; 86.8
 12.1; 84.7
 28.7; 77.0
 11.4; 83.1
 15.1; 61.4
 37.0; 106.7
 23.1; 101.4
 27.9; 96.4
 26.9; 83.7
 31.2; 102.4
 22.8; 97.3
 0.2; 85.3
 19.8; 81.3
 44.0; 94.5
 8.2; 81.1
 -1.1; 66.3
 -3.8; 80.7
 10.3; 101.2
 25.1; 108.1
 31.5; 88.1
 22.4; 105.0
 15.5; 84.5
 18.9; 90.5
 14.7; 80.2
 36.0; 86.4
 11.9; 81.6
 31.6; 109.9
 18.4; 93.5
 1.9; 90.8
 35.1; 97.7
 1.4; 117.3
 36.8; 93.7
 18.7; 95.5
 27.0; 90.6
 32.8; 88.7
 17.9; 93.0
 36.0; 81.7
 4.7; 98.4
 10.8; 107.0
 22.7; 104.8
 33.1; 108.4
 17.1; 82.2
 23.9; 97.3
 30.5; 95.4
 33.3; 75.5
 36.4; 92.6
 8.5; 81.0
 16.0; 108.7
 26.9; 97.2
 21.1; 98.9
 34.6; 93.9
 -1.1; 90.7
 18.9; 85.9
 10.0; 89.2
 9.8; 96.4
 5.8; 88.0
 16.5; 92.9
 6.4; 85.3
 29.6; 84.7
 24.7; 88.1
 3.0; 110.6
 13.9; 116.9
 17.9; 86.5
 17.1; 77.7
 21.5; 75.2
 -7.5; 94.6
 8.6; 80.0
 18.6; 89.9
 18.4; 82.1
 24.0; 84.7
 -0.1; 77.7
 14.1; 77.8
 22.0; 80.1
 41.7; 74.0
 -3.0; 101.9
 11.2; 94.5
 15.9; 92.9
 8.6; 88.1
 43.2; 90.7
 14.3; 81.1
 20.0; 76.8
 -7.8; 100.4
 -2.6; 91.4
 11.5; 88.5
 46.7; 72.4
 26.9; 85.8
 6.4; 87.8
 -11.4; 79.5
 18.2; 86.4
 -2.8; 100.8
 27.8; 94.8
 7.9; 81.5
 16.2; 95.1
 3.7; 93.9
 12.8; 107.6
 35.9; 83.7
 17.0; 81.9
 38.0; 100.1
 -5.0; 104.1
 20.0; 79.9
 20.8; 94.4
 48.1; 91.0
 8.8; 103.0
 26.7; 100.3
 13.6; 77.7
 31.7; 92.9
 31.2; 81.1
 13.8; 95.9
 29.1; 76.4
 27.2; 85.6
 18.7; 99.2
 15.1; 118.1
 0.4; 103.1
 39.5; 71.3
 21.2; 90.4
 12.4; 108.1
 10.5; 83.0
 20.9; 113.0
 43.4; 71.3
 29.2; 85.5
 32.6; 99.1
 23.3; 105.3
 36.3; 90.9
 20.7; 77.6
 14.0; 100.2
 28.4; 111.2
 21.6; 86.1
 2.5; 88.3
 12.2; 88.7
 13.6; 79.1
 10.6; 98.8
 16.3; 114.3
 40.0; 80.3
 40.9; 86.5
 22.3; 77.7
 17.6; 93.4
 -5.4; 82.1
 31.1; 77.7
 0.8; 107.6
 22.8; 85.4
 0.9; 91.6
 20.6; 100.9
 20.4; 98.8
 14.4; 75.0
 20.1; 82.1
 27.0; 60.0
 11.6; 86.2
 32.4; 91.7
 28.9; 98.7
 21.7; 84.1
 9.7; 94.9
 8.5; 88.0
 0.9; 79.2
 14.1; 86.2
 40.6; 92.4
 10.1; 92.0
 33.9; 102.7
 20.7; 92.8
 22.3; 92.0
 8.6; 89.2
 7.7; 86.7
 -6.9; 87.1
 24.1; 82.9
 29.2; 90.4
 18.3; 81.4
 11.0; 87.3
 39.8; 65.9
 35.0; 104.5
 22.6; 94.1
 14.0; 93.8
 -0.0; 115.4
 24.0; 115.5
 8.7; 90.2
 16.1; 87.3
 3.9; 85.5
 20.4; 100.8
 -6.2; 71.6
 33.3; 96.6
 10.5; 82.8
 17.7; 81.6
 44.4; 100.1
 27.6; 90.1
 18.6; 97.4
 35.0; 97.8
 27.7; 91.2
 45.7; 77.7
 22.8; 79.5
 24.8; 98.0
 12.8; 92.3
 15.0; 93.7
 26.0; 88.9
 18.5; 97.9
 16.9; 88.9
 27.5; 99.7
 18.2; 79.9
 12.7; 88.9
 38.5; 102.1
 16.0; 103.3
 -0.5; 62.9
 32.4; 74.1
 26.8; 92.5
 32.8; 96.5
 11.4; 94.8
 8.1; 76.0
 26.2; 88.6
 28.0; 72.2
 24.3; 86.0
 19.8; 94.7
 6.8; 84.9
 26.4; 89.1
 26.9; 85.7
 16.5; 106.3
 36.1; 86.3
 14.4; 110.1
 3.0; 71.3
 23.7; 101.9
 35.1; 104.9
 7.3; 88.6
 30.9; 99.6
 -4.8; 72.3
 7.6; 80.5
 28.6; 55.6
 -8.1; 110.2
 20.6; 112.3
 25.5; 95.3
 23.6; 86.0
 14.9; 67.9
 24.1; 89.8
 27.4; 86.3
 15.3; 85.3
 15.9; 92.0
 24.6; 97.1
 23.3; 85.4
 24.5; 92.4
 11.1; 73.4
 12.7; 94.9
 28.5; 80.5
 9.2; 100.3
 34.8; 94.6
 14.6; 68.6
 12.5; 88.8
 15.9; 93.1
 33.1; 90.9
 38.4; 83.4
 8.5; 75.6
 19.4; 135.8
 32.2; 96.3
 5.5; 90.2
 -0.0; 97.9
 27.0; 78.6
 27.9; 84.1
 23.3; 71.2
 3.7; 88.5
 -5.6; 73.8
 21.5; 67.8
 23.3; 83.0
 37.6; 85.2
 33.6; 90.9
 5.6; 81.4
 12.4; 96.3
 45.2; 87.9
 28.1; 77.7
 26.1; 101.7
 5.9; 106.3
 18.8; 105.3
 26.8; 75.8
 19.8; 89.4
 16.5; 81.8
 6.5; 91.9
 30.2; 72.8
 -4.9; 101.0
 4.3; 112.2
 -0.5; 102.6
 -5.1; 63.9
 27.1; 100.2
 13.9; 91.5
 20.5; 110.0
 44.5; 100.3
 22.2; 62.6
 12.4; 75.6
 39.5; 81.8
 17.4; 53.2
 23.3; 95.3
 28.8; 75.4
 12.2; 91.6
 -1.3; 90.2
 23.7; 59.7
 34.8; 89.3
 15.4; 81.4
 20.2; 74.6
 3.9; 85.7
 3.3; 92.7
 6.0; 106.2
 20.5; 95.8
 31.6; 80.8
 17.4; 104.7
 17.0; 107.5
 18.3; 89.9
 14.0; 86.2
 2.6; 81.2
 18.8; 72.7
 -2.1; 86.9
 27.6; 88.3
 0.6; 100.0
 3.3; 84.7
 27.0; 77.7
 16.1; 98.2
 20.9; 74.2
 39.7; 89.7
 37.8; 82.0
 13.3; 83.4
 18.2; 75.1
 -0.3; 97.6
 0.3; 87.7
 21.4; 79.3
 13.4; 72.1
 22.5; 86.8
 5.3; 103.4
 18.3; 95.3
 14.5; 106.5
 21.2; 70.3
 29.1; 94.4
 43.6; 122.6
 29.9; 86.6
 20.9; 75.6
 24.2; 93.7
 12.3; 69.1
 22.6; 89.6
 36.6; 81.7
 16.1; 83.9
 11.7; 83.7
 12.9; 101.0
 29.5; 86.4
 10.0; 70.4
 2.9; 98.6
 -2.1; 84.8
 22.7; 82.1
 34.0; 96.8
 23.3; 79.5
 28.5; 78.2
 24.8; 94.3
 6.0; 101.3
 6.8; 96.6
 26.2; 93.9
 35.6; 98.8
 31.6; 87.5
 14.0; 82.2
 24.0; 96.7
 23.4; 94.8
 25.6; 91.6
 34.7; 88.7
 14.9; 78.3
 30.6; 80.9
 1.4; 76.7
 37.4; 85.9
 4.3; 89.1
 16.3; 124.2
 27.6; 98.4
 27.5; 85.2
 33.7; 79.5
 -6.0; 101.5
 36.4; 119.1
 29.4; 85.5
 31.5; 88.8
 24.7; 72.8
 2.3; 91.5
 26.3; 110.7
 19.4; 79.5
 20.4; 101.1
 6.6; 100.9
 17.8; 107.7
 19.7; 80.0
 36.3; 94.9
 16.3; 96.8
 26.1; 86.2
 30.9; 106.7
 17.2; 84.5
 26.9; 53.2
 26.0; 80.3
 27.7; 94.8
 18.2; 103.2
 4.8; 97.9
 9.7; 98.6
 14.1; 95.5
 0.9; 73.7
 25.9; 75.3
 43.7; 96.5
 8.6; 109.5
 10.2; 114.3
 26.8; 108.1
 18.7; 72.1
 22.4; 82.4
 24.7; 83.6
 5.2; 73.0
 9.5; 96.8
 33.2; 106.5
 -2.2; 74.3
 38.3; 101.5
 13.8; 84.3
 20.6; 71.0
 12.0; 94.5
 21.0; 95.5
 29.2; 97.8
 57.4; 106.6
 11.2; 69.7
 22.8; 91.5
 14.5; 91.1
 39.3; 115.4
 23.5; 67.1
 -1.3; 75.4
 38.9; 97.0
 35.4; 84.1
 9.9; 81.1
 8.1; 68.4
 38.0; 97.5
 27.8; 86.9
 40.3; 72.6
 31.7; 96.3
 21.6; 108.7
 7.5; 119.2
 14.6; 81.4
 7.5; 113.5
 -0.9; 102.0
 21.6; 83.2
 41.0; 96.9
 12.4; 107.8
 9.8; 80.2
 32.4; 80.8
 2.6; 86.4
 29.2; 86.8
 5.4; 87.3
 16.5; 100.6
 22.6; 84.4
 29.2; 95.8
 2.9; 77.2
 19.0; 97.8
 6.1; 100.0
 42.9; 91.4
 19.8; 85.3
 47.1; 106.0
 25.5; 100.6
 23.4; 82.3
 14.5; 94.4
 8.4; 88.9
 21.1; 111.1
 20.0; 98.8
 7.2; 94.6
 4.9; 99.4
 21.4; 61.8
 17.9; 89.7
 19.2; 84.9
 -1.2; 112.2
 25.7; 79.4
 29.3; 88.1
 18.6; 89.1
 28.1; 76.4
 27.6; 90.9
 17.8; 74.2
 21.7; 100.3
 11.0; 104.7
 8.8; 71.0
 4.6; 104.4
 14.1; 89.9
 36.1; 85.3
 14.6; 111.0
 22.6; 90.4
 11.6; 72.1
 11.0; 85.1
 18.6; 77.5
 27.0; 82.1
 32.4; 98.9
 43.0; 119.5
 16.1; 109.1
 26.4; 87.2
 25.2; 94.2
 28.9; 93.9
 9.3; 86.3
 10.3; 94.1
 25.8; 68.0
 7.1; 97.1
 13.9; 71.8
 42.0; 92.4
 23.6; 117.1
 51.7; 97.9
 15.7; 95.0
 8.8; 102.9
 7.6; 78.7
 24.9; 84.9
 0.1; 73.6
 16.7; 92.4
 35.9; 75.9
 33.6; 75.2
 37.2; 93.6
 5.3; 89.7
 7.6; 95.0
 12.1; 102.6
 29.3; 99.8
 13.1; 92.8
 25.8; 89.6
 21.8; 96.0
 -3.6; 97.8
 26.8; 103.6
 35.1; 84.1
 21.8; 97.2
 19.5; 98.8
 24.3; 88.1
 26.7; 89.2
 43.9; 78.1
 11.5; 71.9
 11.7; 108.2
 21.3; 92.3
 5.6; 64.2
 33.4; 89.1
 25.6; 99.6
 27.3; 83.3
 47.1; 83.8
 35.5; 108.7
 28.2; 96.2
 41.6; 83.6
 2.4; 94.5
 10.1; 95.8
 25.8; 97.4
 21.9; 100.9
 46.0; 85.1
 29.0; 92.3
 25.7; 102.4
 13.1; 91.0
 16.2; 93.4
 30.1; 95.2
 28.5; 78.7
 17.4; 92.7
 12.9; 88.5
 4.8; 69.5
 23.9; 91.2
 11.9; 96.0
 -0.4; 83.5
 13.1; 85.3
 25.8; 99.3
 14.3; 87.7
 23.8; 94.4
 32.1; 102.4
 0.4; 92.7
 25.4; 77.9
 27.4; 101.2
 22.1; 77.9
 22.7; 97.5
 18.2; 95.2
 -6.7; 69.0
 0.3; 104.9
 34.5; 94.4
 25.3; 107.7
 26.5; 87.3
 24.3; 94.0
 9.7; 85.2
 16.9; 85.6
 19.6; 98.1
 38.8; 108.1
 -8.3; 73.1
 -0.8; 72.0
 13.4; 82.6
 17.3; 89.9
 18.6; 85.3
 12.0; 101.4
 12.5; 90.5
 30.2; 89.0
 36.6; 94.3
 38.8; 87.0
 9.9; 109.3
 9.0; 98.3
 5.0; 91.7
 55.7; 76.2
 16.3; 120.4
 27.4; 90.4
 33.7; 96.0
 35.8; 92.7
 12.4; 82.1
 26.9; 81.5
 34.8; 80.4
 40.6; 88.3
 18.6; 99.6
 14.2; 78.6
 46.8; 90.2
 33.8; 86.5
 9.2; 109.7
 13.9; 114.0
 7.0; 91.6
 31.7; 110.4
 28.4; 98.6
 25.5; 98.6
 38.3; 84.0
 23.8; 85.9
 20.7; 105.4
 5.3; 92.3
 15.2; 79.8
 21.3; 86.4
 12.7; 73.9
 10.7; 59.5
 36.4; 90.1
 7.5; 77.5
 27.4; 122.2
 26.8; 112.0
 12.9; 79.9
 26.8; 77.6
 13.8; 83.0
 33.9; 94.3
 0.6; 75.9
 58.7; 69.6
 31.3; 72.8
 30.8; 76.0
 24.4; 108.6
 26.5; 118.7
 12.7; 107.4
 38.2; 80.5
 2.0; 90.0
 -5.5; 82.4
 33.4; 106.8
 3.1; 100.5
 32.3; 68.1
 14.7; 88.4
 31.3; 101.7
 5.4; 98.1
 3.0; 100.4
 -1.5; 96.3
 36.9; 80.8
 21.2; 98.9
 28.4; 81.7
 0.4; 67.9
 6.5; 95.4
 17.0; 99.2
 29.2; 79.9
 17.2; 72.5
 6.6; 78.8
 26.1; 106.1
 14.6; 83.5
 -7.1; 95.7
 11.4; 87.2
 16.4; 77.0
 51.7; 95.0
 23.8; 91.2
 12.9; 85.3
 20.9; 91.0
25.6;56.1
 9.4; 111.6
 21.5; 82.6
 26.2; 88.7
 42.6; 110.7
 26.0; 91.2
 16.2; 110.5
 -5.2; 81.1
 12.1; 83.8
 12.6; 96.9
 16.7; 79.2
 32.3; 81.6
 15.8; 93.8
 49.4; 107.0
 19.4; 79.3
 15.6; 66.9
 27.5; 84.8
 27.5; 90.7
 27.6; 81.6
 30.7; 80.1
 16.7; 80.5
 23.1; 82.4
 18.8; 83.0
 25.0; 88.2
 14.2; 68.3
 29.4; 90.5
 29.7; 68.6
 29.6; 101.2
 3.9; 95.0
 0.0; 74.6
 11.1; 82.8
 5.7; 64.8
 29.5; 66.4
 18.1; 85.5
 28.8; 97.0
 14.2; 109.0
 8.9; 88.2
 11.9; 87.5
 14.1; 76.9
 6.2; 86.8
 31.0; 84.6
 12.2; 97.1
 20.9; 94.9
 15.6; 79.8
 30.7; 87.0
 6.6; 93.1
 17.6; 82.1
 19.3; 94.0
 25.2; 106.3
 23.9; 82.1
 7.1; 94.9
 12.9; 85.5
 31.2; 63.5
 10.0; 83.0
 -11.2; 84.3
 31.6; 84.5
 23.2; 63.7
 11.7; 86.9
 24.5; 93.5
 26.6; 98.5
 17.5; 113.9
 1.3; 99.7
 14.0; 77.5
 18.1; 78.7
 14.4; 76.3
 21.6; 100.2
 -15.5; 103.6
 21.5; 88.5
 31.4; 92.0
 25.4; 77.6
 17.7; 87.6
 27.6; 99.5
 17.2; 89.8
 23.4; 102.7
 14.3; 98.8
 6.2; 75.0
 17.7; 79.0
 19.7; 74.3
 17.7; 108.6
 9.1; 79.2
 40.2; 86.5
 17.1; 97.7
 23.5; 91.2
 11.5; 89.3
 7.4; 94.9
 13.6; 72.9
 39.9; 107.1
 28.8; 73.0
 25.4; 102.0
 14.6; 95.8
 16.7; 104.8
 -12.7; 100.3
 15.4; 109.5
 19.4; 100.4
 7.2; 80.4
 16.5; 94.6
 3.7; 78.1
 18.5; 94.7
 24.6; 111.5
 16.6; 107.6
 31.5; 76.1
 19.3; 88.5
 10.2; 104.5
 14.2; 108.6
 30.9; 99.8
 10.6; 80.4
 10.1; 91.9
 39.3; 91.9
 18.6; 103.0
 39.8; 76.0
 -1.0; 107.4
 24.5; 97.0
 41.8; 77.2
 13.8; 76.4
 26.5; 70.7
 5.4; 83.3
 33.5; 78.6
 6.7; 98.6
 37.0; 84.9
 29.9; 95.3
 40.6; 72.8
 15.7; 88.0
 12.3; 86.6
 12.2; 95.7
 12.1; 85.2
 33.6; 111.3
 32.2; 86.4
 24.8; 81.4
 16.3; 86.3
 2.1; 72.0
 34.3; 98.3
 8.3; 82.3
 27.3; 83.9
 17.1; 88.5
 0.1; 82.7
 14.3; 88.3
 14.0; 77.7
 23.5; 104.3
 13.3; 80.6
 28.5; 89.3
 20.2; 84.5
 -1.2; 81.0
 23.6; 88.0
 12.5; 104.8
 52.3; 89.7
 7.2; 54.4
 5.8; 109.7
 36.6; 76.9
 26.4; 93.4
 16.8; 99.6
 13.4; 89.8
 20.9; 69.5
 7.6; 84.5
 40.7; 95.1
 25.6; 86.8
 -1.9; 97.6
 34.0; 96.4
 14.8; 74.8
 8.1; 75.9
 18.4; 87.2
 37.9; 86.2
 35.3; 88.0
 22.8; 105.1
 21.5; 111.5
 17.9; 77.0
 15.8; 72.2
 18.8; 99.1
 25.0; 111.8
 13.3; 90.9
 23.0; 88.3
 20.5; 71.2
 23.9; 101.3
 17.5; 100.0
 28.0; 79.0
 33.2; 73.2
 6.5; 107.3
 21.2; 94.1
 25.9; 97.1
 24.1; 85.8
 50.1; 99.6
 21.1; 78.2
 28.7; 108.5
 33.1; 103.0
 24.5; 75.7
 18.0; 80.6
 33.6; 113.1
 28.3; 94.9
 14.4; 90.4
 12.4; 89.6
 30.9; 116.2
 47.2; 74.2
 8.1; 103.8
 22.8; 81.7
 20.5; 86.9
 16.1; 72.4
 2.5; 79.9
 29.2; 93.3
 53.4; 87.8
 21.9; 77.0
 16.3; 80.0
 37.0; 91.8
 25.0; 75.9
 54.7; 91.1
 22.9; 95.6
 17.6; 92.3
 10.2; 80.7
 23.1; 112.4
 -13.3; 90.0
 5.9; 90.4
 36.7; 99.1
 9.9; 84.7
 0.7; 101.7
 27.2; 80.3
 26.3; 85.3
 21.2; 75.6
 22.8; 97.2
 13.6; 100.5
 36.2; 78.8
 17.4; 91.5
 29.2; 92.0
 6.6; 94.0
 14.0; 94.2
 39.1; 108.6
 12.3; 99.3
 21.2; 91.0
 14.4; 74.4
 -4.9; 81.3
 53.6; 94.1
 7.3; 74.3
 23.0; 90.2
 6.4; 76.3
 31.4; 84.5
 22.9; 73.7
 39.2; 79.7
 8.1; 113.5
 36.7; 94.4
 7.3; 93.0
 19.5; 87.3
 18.3; 92.0
 29.2; 75.9
 16.4; 86.3
 35.9; 103.1
 27.8; 96.3
 4.8; 96.3
 15.9; 82.9
 16.5; 113.5
 13.3; 114.4
 6.1; 103.9
 20.8; 81.0
 14.6; 98.1
 3.7; 72.7
 19.1; 73.9
 -13.5; 120.6
 31.5; 86.4
 3.0; 71.2
 19.5; 99.6
 21.1; 85.9
 25.4; 94.9
 10.1; 94.0
 12.7; 77.6
 38.7; 78.5
 28.9; 103.8
 10.3; 77.1
 37.6; 78.1
 27.9; 86.1
 3.8; 105.5
 12.9; 72.6
 21.0; 82.8
 -3.0; 104.4
 14.1; 92.0
 21.7; 67.6
 31.2; 80.7
 6.5; 80.5
 13.8; 97.1
 20.2; 93.1
 35.2; 75.8
 9.7; 93.8
 23.7; 82.6
 26.1; 98.8
 14.6; 90.3
 30.0; 76.9
 28.4; 78.4
 22.3; 84.3
 32.3; 100.4
 34.5; 84.8
 8.3; 93.7
 23.6; 115.4
 14.2; 96.7
 35.0; 95.1
 20.5; 77.7
 18.0; 89.1
 19.5; 96.7
 9.0; 95.4
 18.7; 76.7
 54.5; 93.1
 31.6; 85.1
 27.8; 82.9
 30.4; 79.5
 25.9; 80.3
 22.9; 85.5
 21.3; 94.2
 49.2; 86.7
 29.0; 105.3
 23.5; 107.5
 20.5; 90.7
 10.1; 102.3
 4.1; 89.2
 4.4; 90.8
 30.4; 90.7
 17.5; 88.3
 3.3; 71.8
 18.8; 101.3
 8.5; 81.2
 30.7; 80.8
 18.1; 92.1
 -1.0; 95.2
 26.4; 104.8
 26.3; 88.3
 19.8; 106.0
 -1.6; 80.6
 26.9; 81.3
 15.4; 72.9
 27.5; 80.2
 18.1; 84.3
 26.3; 67.5
 -5.4; 110.9
 -5.2; 91.2
 26.9; 75.0
 26.4; 80.0
 18.2; 86.5
 30.3; 96.6
 1.0; 116.1
 14.0; 78.8
 12.5; 97.3
 16.7; 92.2
 37.3; 105.5
 21.7; 82.2
 24.3; 95.5
 13.2; 90.3
 14.9; 99.1
 -3.5; 63.3
 -2.8; 87.7
 22.7; 89.7
 34.3; 101.6
 7.9; 101.8
 35.8; 96.1
 20.2; 88.2
 9.2; 101.8
 34.0; 95.9
 20.0; 80.6
 33.6; 89.6
 0.3; 103.9
 19.6; 80.8
 18.9; 117.0
 14.6; 110.4
 33.7; 73.1
 3.7; 104.1
 10.3; 93.0
 22.7; 77.3
 26.2; 99.3
 13.2; 85.4
 33.5; 72.8
 17.0; 99.2
 21.8; 100.5
 18.6; 84.6
 23.7; 98.1
 47.3; 91.5
 23.1; 98.4
 6.6; 83.4
 2.1; 84.3
 31.2; 73.0
 32.6; 83.0
 12.2; 89.6
 33.2; 79.4
 23.5; 106.2
 29.1; 91.6
 6.4; 110.4
 21.3; 75.4
 26.1; 77.3
 7.6; 91.5
 31.1; 98.8
 14.4; 81.6
 23.2; 104.4
 32.6; 105.3
 3.6; 95.0
 30.5; 96.3
 30.9; 90.2
 15.5; 83.6
 9.9; 79.4
 -0.2; 79.0
 26.0; 98.7
 12.2; 95.0
 14.7; 64.7
 6.2; 84.8
 41.8; 96.9
 18.6; 91.0
 13.7; 73.3
 8.8; 91.2
 -2.2; 85.3
 32.5; 91.0
 5.1; 98.2
 6.0; 81.6
 17.6; 75.3
 4.5; 89.8
 15.5; 87.4
 23.7; 88.6
 38.6; 103.6
 21.6; 93.6
 33.4; 93.0
 10.3; 97.8
 19.3; 95.6
 32.8; 81.1
 5.4; 71.4
 44.6; 80.0
 16.9; 87.0
 5.0; 80.5
 0.7; 102.0
 23.2; 89.5
 16.9; 85.8
 2.4; 82.6
 29.6; 72.6
 9.4; 74.6
 12.5; 67.0
 12.1; 101.1
 16.5; 88.7
 43.3; 93.7
 25.0; 101.1
 14.6; 89.5
 23.9; 83.8
 7.6; 78.8
 24.3; 76.4
 40.8; 88.7
 10.7; 73.9
 35.5; 95.1
 20.4; 92.5
 19.5; 94.4
 0.5; 90.7
 18.4; 96.8
 34.3; 95.0
 19.5; 75.4
 12.4; 97.5
 12.1; 85.6
 37.5; 83.0
 7.0; 61.3
 24.7; 79.7
 37.7; 96.6
 46.1; 111.1
 22.2; 78.9
 30.9; 77.6
 21.0; 95.5
 26.7; 103.5
 45.5; 92.4
 18.6; 71.8
 36.1; 102.0
 3.5; 95.4
 26.1; 97.8
 26.8; 85.1
 22.3; 97.5
 16.9; 76.0
 3.4; 77.6
 30.4; 99.2
 22.2; 90.3
 4.7; 78.0
 25.5; 76.0
 7.7; 108.7
 -7.3; 79.5
 18.5; 96.3
 -1.1; 110.3
 21.3; 81.4
 0.8; 96.2
 7.2; 80.7
 5.1; 77.2
 26.7; 93.2
 17.7; 86.7
 22.3; 106.1
 25.8; 81.3
 24.5; 65.9
 19.4; 98.7
 22.6; 92.7
 2.7; 89.2
 37.0; 83.7
 17.8; 103.7
 30.3; 75.7
 18.8; 90.1
 31.3; 75.6
 18.6; 92.9
 -0.4; 79.0
 26.6; 89.4
 23.9; 90.5
 41.2; 89.9
 37.0; 87.9
 14.4; 89.0
 13.7; 81.2
 16.9; 91.6
 17.6; 100.0
 26.4; 95.8
 25.4; 92.1
 22.0; 83.0
 15.7; 82.2
 17.4; 77.4
 7.8; 85.7
 27.0; 103.6
 -5.1; 108.9
 38.2; 90.6
 13.4; 87.9
 6.3; 93.6
 35.8; 67.9
 17.2; 63.1
 22.4; 92.9
 3.4; 96.7
 10.9; 88.4
 32.5; 77.8
 10.5; 100.7
 10.8; 87.1
 12.8; 73.0
 54.3; 89.6
 11.2; 102.6
 23.6; 103.7
 11.1; 71.5
 20.2; 87.4
 19.9; 83.6
 7.8; 88.4
 33.1; 80.8
 29.8; 98.6
 48.5; 84.1
 46.1; 89.1
 22.7; 90.1
 37.0; 108.8
 23.3; 78.0
 25.0; 97.4
 30.6; 99.6
 32.6; 81.8
 22.5; 90.3
 4.6; 89.8
 35.9; 94.3
 19.8; 116.6
 28.3; 70.7
 22.9; 106.8
 21.0; 88.3
 -9.5; 80.7
 24.4; 82.0
 26.4; 74.7
 10.2; 101.9
 12.6; 106.2
 26.4; 84.9
 10.0; 91.0
 39.4; 82.0
 38.6; 107.1
 14.4; 101.1
 13.2; 84.4
 1.3; 89.8
 18.0; 112.5
 -2.8; 78.6
 34.6; 115.7
 35.1; 116.8
 29.7; 95.9
 20.3; 91.2
 25.7; 66.7
 32.8; 84.1
 17.1; 86.2
 28.6; 73.3
 33.5; 64.8
 11.8; 91.4
 25.8; 90.2
 17.2; 90.7
 23.3; 93.9
 19.4; 92.7
 21.2; 92.1
 21.8; 101.4
 22.9; 114.1
 14.9; 105.2
 39.8; 85.7
 5.2; 85.9
 15.3; 94.9
 12.2; 115.9
 38.4; 95.8
 37.2; 79.2
 8.0; 79.8
 28.9; 83.5
 15.5; 109.8
 21.5; 95.9
 36.9; 102.1
 4.5; 78.2
 -2.2; 108.9
 32.7; 92.3
 24.3; 97.6
 20.5; 85.1
 14.8; 109.5
 17.8; 82.5
 26.7; 95.8
 29.0; 78.7
 -11.4; 88.2
 -8.7; 96.9
 13.1; 86.6
 40.0; 88.3
 24.5; 75.7
 17.4; 87.2
 27.0; 86.4
 23.2; 87.1
 3.6; 70.0
 28.8; 80.2
 28.6; 90.2
 4.7; 98.4
 17.4; 76.1
 26.6; 65.6
 -0.5; 92.6
 17.4; 73.4
 25.7; 82.7
 32.8; 92.5
 20.4; 99.9
 6.5; 73.1
 10.5; 76.3
 23.3; 96.5
 13.3; 120.4
 0.7; 71.5
 18.6; 96.2
 14.5; 81.8
 7.3; 101.2
 35.7; 110.9
 25.1; 85.8
 44.3; 94.5
 23.9; 92.8
 14.0; 72.6
 8.1; 79.2
 29.9; 98.2
 17.5; 92.9
 29.6; 88.6
 -11.9; 79.5
 25.9; 85.0
 27.8; 69.6
 8.4; 90.2
 36.0; 73.8
 13.3; 81.9
 18.7; 101.9
 28.7; 74.7
 17.9; 93.8
 9.6; 102.0
 14.1; 94.9
 11.2; 81.7
 28.4; 64.0
 0.6; 90.5
 12.1; 98.2
 26.1; 93.9
 8.9; 67.0
 33.1; 83.5
 29.8; 64.1
 26.6; 79.9
 30.6; 81.5
 32.7; 96.4
 13.1; 106.3
 14.1; 118.5
 -0.6; 91.3
 10.6; 87.4
 33.5; 84.4
 22.5; 90.4
 10.7; 100.3
 5.8; 92.5
 22.6; 110.3
 13.4; 78.9
 7.1; 87.9
 -5.7; 74.0
 30.5; 75.8
 22.6; 79.5
 10.7; 90.2
 21.4; 82.2
 21.3; 79.1
 24.3; 91.7
 26.6; 92.5
 16.0; 93.8
 19.6; 92.9
 19.6; 114.1
 12.0; 85.6
 25.9; 90.1
 19.0; 77.4
 21.4; 89.9
 18.5; 59.8
 17.2; 100.2
 26.1; 70.8
 27.3; 103.1
 43.4; 84.3
 38.1; 80.3
 1.8; 84.3
 15.6; 110.7
 1.1; 70.9
 37.1; 95.6
 16.5; 71.0
 25.4; 85.5
 38.7; 85.5
 3.5; 100.8
 30.7; 78.1
 16.0; 99.5
 9.4; 96.5
 23.6; 90.7
 8.3; 79.8
 18.7; 90.6
 2.8; 94.8
 0.1; 103.7
 32.6; 93.5
 29.0; 88.4
 40.4; 90.1
 17.2; 63.5
 18.0; 87.4
 39.3; 79.4
 28.4; 96.1
 36.2; 74.1
 -2.3; 102.5
 23.3; 87.2
 10.8; 82.9
 37.4; 94.4
 13.2; 84.9
 19.7; 82.5
 23.5; 101.7
 50.3; 95.9
 36.5; 94.7
 -3.1; 91.2
 24.3; 97.4
 39.6; 86.4
 23.2; 79.8
 8.2; 80.6
 -2.2; 93.3
 11.8; 98.5
 -2.3; 109.7
 4.7; 84.5
 36.8; 95.7
 43.3; 86.2
 34.2; 93.0
 3.9; 85.7
 10.8; 69.8
 25.7; 104.0
 22.6; 85.1
 -7.8; 93.9
 8.9; 86.8
 20.1; 86.1
 19.3; 108.0
 17.0; 83.5
 36.0; 69.2
 26.6; 101.0
 39.6; 84.3
 36.3; 100.0
 29.4; 84.1
 36.2; 99.1
 30.8; 91.7
 45.2; 86.7
 24.6; 108.6
 20.1; 109.7
 20.7; 84.6
 38.4; 95.7
 36.2; 81.5
 15.0; 112.7
 14.6; 64.1
 3.4; 99.7
 2.9; 89.4
 22.1; 80.8
 10.2; 85.7
 32.0; 89.7
 17.7; 43.0
 10.3; 84.1
 37.0; 90.3
 7.9; 80.1
 32.3; 85.5
 11.8; 98.4
 23.0; 95.8
 31.6; 83.8
 5.4; 80.8
 25.1; 75.0
 3.7; 96.2
 35.9; 85.9
 36.3; 81.2
 14.2; 83.9
 40.4; 61.8
 23.3; 110.3
 17.2; 75.2
 27.6; 89.5
 -0.4; 67.7
 10.4; 88.8
 22.3; 76.6
 19.8; 75.6
 18.9; 109.2
 23.7; 92.1
 32.2; 104.9
 12.7; 87.2
 21.0; 96.7
 17.1; 69.5
 8.4; 73.0
 6.4; 104.8
 7.7; 94.2
 14.6; 101.2
 16.5; 95.8
 14.8; 79.0
 22.7; 112.7
 -14.7; 95.8
 17.5; 87.0
 13.7; 89.9
 30.1; 75.9
 38.6; 82.8
 29.1; 91.0
 26.7; 85.5
 42.0; 89.0
 8.5; 92.3
 24.4; 89.6
 3.3; 98.7
 30.4; 87.8
 15.6; 97.1
 1.6; 93.9
 34.3; 86.8
 34.3; 108.5
 30.4; 81.2
 34.4; 108.7
 24.6; 97.8
 37.0; 79.5
 22.0; 112.9
 42.7; 78.8
 -0.9; 94.8
 16.2; 75.3
 28.1; 96.2
 12.2; 95.1
 15.2; 105.9
 20.6; 77.2
 24.3; 75.3
 14.4; 71.9
 9.7; 84.6
 20.3; 95.9
 40.7; 73.4
 16.9; 98.1
 17.3; 91.1
 36.5; 64.2
 18.5; 97.2
 33.2; 70.5
 -3.5; 98.9
 -2.1; 73.4
 34.2; 100.4
 22.5; 89.6
 38.2; 88.0
 15.7; 77.7
 5.1; 91.1
 48.2; 76.5
 26.5; 96.0
 24.8; 91.4
 22.2; 82.5
 39.8; 100.6
 21.1; 85.7
 11.8; 82.8
 31.7; 83.8
 31.8; 106.5
 20.5; 65.7
 14.7; 99.5
 24.8; 66.3
 34.0; 73.1
 32.9; 124.4
 21.5; 112.1
 23.4; 86.2
 23.1; 95.7
 19.3; 97.9
 13.3; 97.7
 22.0; 100.7
 39.6; 92.6
 18.2; 76.9
 21.7; 95.2
 28.5; 91.7
 14.7; 89.2
 7.2; 84.1
 24.2; 86.4
 10.1; 85.0
 30.8; 77.4
 20.6; 100.0
 9.9; 82.0
 9.1; 94.4
 16.3; 89.7
 15.8; 104.2
 19.3; 72.5
 28.1; 96.9
 22.4; 97.9
 28.3; 93.1
 46.4; 91.9
 12.1; 101.2
 17.1; 104.9
 30.5; 80.0
 9.9; 83.2
 7.3; 100.2
 49.9; 109.5
 20.5; 88.5
 14.0; 85.7
 11.2; 89.4
 16.8; 81.1
 3.9; 93.5
 6.2; 80.4
 33.3; 81.9
 10.6; 91.6
 23.0; 108.9
 9.5; 70.0
 -1.6; 64.2
 23.6; 71.4
 25.2; 96.6
 46.6; 101.3
 19.1; 97.3
 13.5; 93.5
 16.2; 82.8
 26.3; 93.5
 19.7; 87.6
 22.5; 77.6
 1.0; 92.2
 29.1; 97.2
 34.0; 95.8
 32.5; 70.2
 -8.5; 100.2
 35.6; 85.2
 21.9; 67.7
 14.0; 78.7
 24.6; 87.6
 49.1; 80.3
 9.7; 71.5
 14.8; 85.3
 12.8; 89.5
 0.6; 77.9
 28.4; 98.6
 15.3; 106.7
 19.2; 87.1
 5.0; 98.8
 20.0; 81.8
 35.6; 112.7
 7.6; 99.5
 17.0; 80.6
 16.2; 101.8
 9.8; 105.2
 28.3; 97.6
 16.2; 85.4
 21.8; 83.3
 25.6; 82.2
 21.7; 75.3
 -0.6; 89.5
 27.4; 87.5
 10.3; 94.3
 23.0; 84.3
 27.1; 69.1
 28.0; 85.4
 53.2; 90.6
 42.0; 85.0
 4.7; 89.6
 37.3; 98.3
 19.0; 81.5
 34.8; 84.2
 35.6; 106.0
 20.1; 71.8
 13.4; 83.1
 42.8; 115.7
 17.6; 92.8
 24.9; 94.1
 13.9; 83.0
 25.5; 69.1
 22.7; 92.3
 20.1; 75.4
 2.5; 92.7
 8.5; 80.8
 24.8; 90.5
 32.7; 67.7
 -17.6; 103.9
 13.7; 77.4
 36.4; 81.4
 21.7; 102.9
 16.6; 99.2
 37.5; 68.9
 16.0; 71.5
 26.0; 83.4
 0.5; 80.1
 22.0; 95.1
 0.3; 101.8
 32.6; 95.0
 19.4; 69.2
 28.7; 86.7
 7.4; 88.1
 24.4; 83.4
 27.9; 82.4
 19.3; 87.4
 5.6; 64.6
 7.0; 98.4
 28.3; 89.3
 18.3; 77.3
 29.3; 99.3
 27.9; 108.8
 36.2; 85.0
 23.3; 87.0
 25.8; 71.7
 19.5; 85.6
 45.0; 61.5
 23.3; 76.1
 30.3; 105.3
 32.9; 82.1
 8.1; 77.8
 33.6; 98.8
 28.2; 93.0
 35.0; 103.7
 29.1; 82.8
 33.7; 103.8
 52.2; 90.2
 25.2; 84.8
 8.1; 103.2
 16.8; 92.5
 10.8; 77.4
 17.5; 90.6
 -4.0; 88.4
77.5;65.8
 76.7; 51.1
 82.2; 57.0
 58.3; 58.0
 76.8; 43.7
 72.9; 60.3
 84.6; 61.8
 75.1; 53.0
 83.1; 60.0
 83.4; 56.3
 84.6; 55.6
 60.3; 76.4
 63.9; 58.3
 85.5; 66.2
 101.0; 58.8
 77.1; 42.6
 79.4; 48.5
 72.0; 46.6
 81.9; 40.6
 66.5; 62.9
 95.5; 57.4
 80.9; 60.9
 92.2; 53.0
 81.7; 70.8
 89.9; 53.6
 79.8; 56.0
 102.1; 71.4
 79.4; 59.2
 98.9; 61.9
 75.2; 58.0
 93.5; 67.7
 69.6; 49.9
 64.7; 58.3
 83.7; 48.8
 83.0; 58.5
 70.6; 52.4
 71.4; 57.6
 90.6; 72.2
 79.3; 57.4
 80.0; 70.6
 76.2; 52.6
 89.3; 65.7
 74.7; 77.0
 84.8; 50.0
 92.5; 56.0
 83.3; 57.0
 71.1; 61.7
 77.3; 59.6
 71.3; 80.6
 62.7; 85.7
 79.2; 67.2
 70.1; 53.5
 84.4; 60.4
 81.6; 76.6
 69.5; 83.2
 84.2; 76.3
 45.6; 54.7
 94.8; 56.9
 85.1; 80.7
 80.8; 54.0
 86.3; 72.4
 93.0; 49.1
 85.1; 61.1
 93.7; 79.9
 88.1; 55.1
 104.2; 78.7
 79.4; 77.6
 80.1; 46.7
 85.7; 58.8
 62.3; 62.2
 67.0; 60.9
 57.7; 65.6
 75.2; 63.4
 66.6; 53.4
 81.0; 47.9
 78.8; 67.8
 118.2; 68.0
 82.3; 62.9
 66.8; 47.3
 92.7; 59.3
 84.0; 51.9
 87.6; 48.0
 94.6; 54.1
 76.8; 80.4
 67.8; 78.5
 55.7; 59.1
 92.7; 68.3
 80.0; 44.6
 82.7; 59.1
 77.3; 78.1
 87.2; 45.8
 79.4; 75.7
 73.3; 65.8
 78.5; 62.0
 91.6; 49.6
 98.0; 53.7
 74.9; 48.3
 82.3; 55.8
 75.8; 77.9
 91.0; 67.0
 103.5; 67.2
 83.2; 69.7
 55.5; 58.8
 74.9; 54.3
 75.5; 57.5
 87.7; 65.3
 85.5; 53.1
 65.6; 54.3
 79.7; 65.9
 84.2; 59.8
 66.3; 60.0
 73.1; 61.7
 81.8; 53.3
 83.1; 62.5
 80.7; 57.9
 83.4; 49.9
 88.2; 63.3
 87.0; 65.9
 85.8; 56.9
 84.6; 73.6
 67.6; 51.0
 89.9; 66.0
 98.8; 81.6
 88.3; 65.5
 74.5; 81.2
 62.6; 73.7
 80.4; 64.2
 70.6; 68.2
 73.8; 48.9
 62.1; 59.5
 90.5; 63.3
 58.8; 34.7
 85.7; 55.5
 64.8; 80.6
 83.2; 56.9
 86.6; 49.8
 63.5; 66.5
 69.0; 52.0
 73.1; 56.8
 83.4; 45.6
 44.6; 54.9
 87.2; 64.8
 75.9; 63.1
 61.4; 59.8
 107.6; 51.3
 83.6; 84.6
 62.0; 48.2
 60.0; 67.5
 80.8; 56.6
 105.3; 59.2
 81.8; 56.7
 61.9; 96.7
 85.5; 44.8
 64.5; 73.5
 72.8; 70.3
 62.6; 55.5
 98.8; 38.9
 74.3; 66.1
 64.2; 78.8
 67.7; 44.6
 104.4; 49.6
 67.8; 38.0
 81.5; 62.1
 62.4; 68.9
 68.8; 86.1
 90.2; 60.8
 63.3; 100.4
 64.6; 56.3
 79.0; 33.0
 97.2; 74.3
 72.5; 68.2
 92.4; 74.3
 98.8; 46.0
 62.6; 67.4
 80.1; 48.1
 74.4; 47.7
 86.7; 65.5
 66.3; 83.4
 83.5; 69.0
 82.3; 45.6
 73.6; 62.4
 75.1; 54.8
 86.8; 45.1
 89.1; 50.7
 70.4; 71.5
 75.5; 64.3
 74.8; 56.7
 75.7; 72.3
 66.0; 39.0
 71.6; 60.2
 89.9; 47.3
 104.4; 59.7
 76.7; 57.4
 79.2; 66.1
 89.0; 70.5
 106.2; 54.9
 109.3; 79.7
 98.3; 57.1
 78.0; 79.5
 93.7; 67.9
 107.9; 68.0
 66.9; 61.1
 97.2; 65.6
 79.8; 65.5
 90.9; 53.7
 68.0; 53.7
 94.4; 49.5
 79.1; 67.0
 95.9; 65.2
 90.2; 61.5
 80.7; 58.8
 67.2; 82.1
 87.4; 54.1
 73.2; 57.2
 84.2; 79.3
 72.8; 63.2
 84.9; 63.7
 65.9; 55.8
 81.3; 55.7
 73.9; 76.3
 99.5; 66.1
 84.1; 71.1
 83.9; 62.7
 75.2; 44.1
 73.6; 50.7
 75.4; 49.4
 69.9; 73.1
 85.1; 62.4
 86.1; 65.8
 95.2; 70.1
 65.3; 59.4
 63.9; 47.5
 63.4; 64.9
 90.3; 82.2
 73.8; 56.2
 89.1; 70.6
 83.0; 55.9
 85.5; 65.9
 109.5; 70.5
 61.4; 54.4
 78.0; 66.7
 70.9; 48.9
 67.8; 60.4
 76.9; 57.3
 91.4; 60.0
 78.9; 62.8
 86.0; 62.7
 81.1; 65.4
 84.7; 40.4
 91.5; 52.1
 58.5; 67.1
 98.6; 60.6
 70.8; 61.1
 69.7; 57.1
 68.4; 83.0
 78.8; 73.7
 88.1; 74.1
 63.3; 72.8
 91.7; 52.6
 79.8; 70.0
 89.7; 67.6
 61.2; 77.2
 83.8; 71.2
 66.6; 56.5
 80.8; 71.8
 52.4; 75.7
 80.0; 69.0
 98.7; 55.5
 69.4; 67.3
 83.6; 51.7
 71.6; 69.9
 79.9; 46.6
 86.3; 75.0
 94.3; 41.6
 78.4; 83.4
 72.6; 71.2
 74.7; 67.3
 108.8; 57.8
 90.4; 69.1
 90.1; 57.5
 82.3; 48.7
 80.3; 48.3
 68.9; 62.9
 95.8; 54.2
 70.2; 39.2
 82.6; 73.6
 75.4; 80.8
 80.4; 71.4
 56.1; 61.4
 72.5; 70.4
 70.0; 61.8
 89.6; 66.6
 84.1; 74.7
 74.4; 56.2
 73.8; 44.4
 73.3; 51.2
 81.7; 79.5
 80.5; 50.1
 83.2; 67.4
 75.9; 41.3
 72.6; 77.3
 81.6; 57.0
 84.2; 58.7
 83.6; 58.6
 72.4; 57.2
 80.1; 77.1
 84.0; 47.9
 72.7; 76.8
 79.9; 77.7
 85.0; 66.6
 57.4; 79.4
 39.9; 50.7
 76.1; 48.4
 91.1; 45.9
 63.7; 56.1
 85.0; 56.0
 99.7; 52.3
 84.3; 75.0
 80.1; 51.3
 79.6; 76.3
 79.0; 61.6
 88.3; 58.7
 87.3; 66.7
 58.2; 66.8
 95.2; 55.9
 71.5; 49.0
 69.3; 73.9
 73.8; 74.0
 70.9; 59.4
 67.5; 60.7
 83.6; 68.2
 83.0; 55.1
 66.3; 73.0
 77.8; 68.6
 91.2; 67.8
 83.4; 87.0
 75.5; 62.4
 71.7; 34.2
 64.5; 62.2
 98.4; 62.5
 91.3; 67.5
 75.0; 61.4
 48.0; 62.0
 95.7; 59.1
 80.6; 72.1
 66.4; 67.8
 92.5; 65.6
 82.2; 52.6
 71.7; 66.3
 82.9; 64.7
 80.0; 63.9
 98.5; 62.1
 90.3; 45.0
 86.1; 82.8
 76.4; 75.3
 88.3; 65.7
 65.5; 60.0
 76.4; 40.5
 70.0; 46.5
 72.3; 58.0
 66.0; 59.6
 71.5; 63.4
 58.3; 67.3
 67.7; 54.5
 85.0; 63.6
 87.7; 43.6
 81.9; 71.5
 89.1; 77.5
 94.8; 69.9
 83.7; 58.2
 76.4; 42.8
 72.1; 37.7
 68.9; 63.6
 74.2; 41.1
 103.2; 54.8
 78.0; 40.5
 75.7; 87.3
 63.4; 61.8
 58.4; 76.9
 70.2; 52.8
 95.9; 49.0
 83.0; 53.5
 79.4; 66.6
 94.3; 48.7
 83.5; 68.8
 89.8; 71.2
 71.9; 50.1
 83.3; 45.5
 85.9; 66.6
 65.2; 66.8
 74.1; 67.1
 108.7; 60.1
 84.5; 60.9
 56.5; 61.6
 82.1; 66.8
 59.9; 63.5
 80.3; 63.9
 83.4; 66.0
 90.2; 66.2
 67.8; 41.4
 58.6; 61.7
 65.1; 61.2
 66.8; 78.6
 75.2; 48.8
 86.0; 66.9
 80.8; 84.7
 78.3; 61.0
 80.3; 71.5
 76.8; 78.4
 92.2; 75.8
 74.2; 59.6
 77.2; 60.5
 84.1; 72.8
 75.8; 47.3
 85.2; 40.4
 74.1; 57.1
 90.8; 36.1
 82.1; 56.2
 87.3; 53.4
 102.8; 62.2
 92.3; 71.1
 88.4; 53.2
 92.6; 45.8
 98.2; 67.5
 74.2; 56.8
 86.1; 74.0
 86.0; 58.7
 97.8; 33.1
 84.3; 63.8
 113.5; 55.1
 58.3; 50.9
 68.2; 57.0
 81.8; 42.4
 81.7; 52.8
 98.1; 61.6
 62.1; 65.3
 87.0; 60.0
 69.2; 65.0
 78.4; 56.9
 84.4; 54.3
 96.2; 54.8
 85.1; 72.3
 97.9; 39.9
 71.5; 42.8
 89.9; 45.3
 95.7; 59.2
 78.7; 49.7
 78.6; 58.6
 92.7; 54.4
 73.6; 44.2
 93.8; 58.8
 61.2; 37.7
 81.6; 75.9
 83.6; 66.1
 81.9; 34.8
 89.9; 63.3
 55.1; 46.1
 63.6; 69.2
 67.2; 50.7
 92.4; 53.3
 74.7; 59.0
 74.3; 53.1
 80.2; 78.3
 84.8; 56.1
 94.8; 54.3
 83.2; 63.2
 96.1; 71.5
 78.6; 61.9
 67.3; 70.2
 72.5; 68.8
 72.6; 80.4
 77.7; 55.0
 77.9; 60.0
 73.6; 80.7
 84.3; 38.8
 82.2; 80.4
 98.7; 58.7
 53.7; 63.3
 90.2; 48.5
 77.6; 51.2
 59.9; 48.9
 89.8; 48.4
 91.2; 76.3
 80.6; 46.0
 76.2; 76.3
 46.5; 58.9
 70.7; 64.6
 87.8; 71.7
 77.6; 60.8
 115.3; 56.6
 93.5; 57.3
 72.2; 43.6
 101.1; 42.1
 65.0; 74.2
 84.6; 54.0
 92.2; 60.1
 61.2; 63.5
 66.1; 40.2
 77.8; 63.2
 86.6; 55.7
 89.4; 57.8
 50.1; 84.5
 79.2; 75.9
 80.1; 59.0
 66.2; 58.8
 74.5; 63.0
 65.7; 51.1
 85.2; 71.2
 76.2; 48.4
 88.0; 59.6
 84.6; 60.8
 77.6; 68.6
 79.9; 45.9
 76.6; 61.6
 72.2; 55.4
 67.9; 46.4
 74.9; 81.3
 74.6; 61.7
 97.9; 58.1
 68.4; 61.3
 75.8; 48.4
 74.6; 52.6
 81.6; 56.4
 66.2; 59.1
 80.4; 53.5
 77.0; 38.7
 93.0; 64.7
 86.2; 36.4
 63.3; 73.7
 66.5; 61.0
 67.7; 65.5
 83.9; 36.0
 57.9; 62.1
 78.9; 56.7
 105.2; 66.6
 63.4; 71.0
 96.1; 63.0
 91.7; 59.8
 79.4; 58.7
 66.8; 61.2
 81.3; 54.0
 83.4; 76.6
 76.2; 74.2
 84.5; 57.6
 83.7; 46.9
 84.3; 70.9
 88.1; 61.7
 65.3; 49.0
 83.7; 74.7
 63.3; 62.9
 98.2; 56.9
 86.5; 64.0
 80.2; 58.5
 86.7; 59.6
 67.5; 58.6
 85.3; 62.3
 78.4; 65.9
 94.9; 70.9
 67.0; 60.8
 62.7; 57.8
 78.7; 68.0
 86.8; 68.7
 99.6; 66.2
 93.4; 55.5
 73.6; 55.6
 76.4; 70.5
 99.2; 54.3
 105.4; 58.0
 73.4; 63.9
 71.0; 85.4
 78.7; 44.3
 87.1; 65.9
 75.3; 67.5
 92.9; 52.2
 89.5; 47.5
 70.4; 53.2
 106.2; 41.3
 84.6; 58.6
 74.8; 80.0
 71.5; 53.5
 45.9; 54.1
 70.4; 75.3
 87.4; 48.3
 58.7; 69.6
 77.0; 73.3
 78.8; 61.2
 76.7; 65.3
 66.2; 70.1
 84.1; 62.6
 68.6; 56.3
 95.1; 46.0
 71.6; 52.5
 58.8; 50.6
 63.5; 48.7
 62.0; 57.4
 75.4; 43.8
 125.4; 62.8
 64.6; 27.5
 96.2; 61.8
 60.7; 47.1
 91.5; 35.4
 79.3; 77.6
 72.7; 51.1
 39.0; 73.6
 94.4; 41.7
 97.0; 63.3
 94.1; 75.3
 61.8; 63.3
 92.4; 56.8
 106.3; 66.9
 83.4; 49.6
 64.0; 77.3
 88.3; 69.8
 76.7; 75.9
 65.4; 63.7
 73.2; 63.9
 77.7; 66.3
 79.0; 47.0
 74.3; 68.5
 93.2; 56.8
 96.4; 68.7
 83.6; 52.3
 88.6; 68.6
 69.8; 61.5
 81.1; 71.0
 95.4; 62.4
 73.8; 77.4
 79.6; 56.2
 90.2; 45.8
 94.4; 55.5
 92.2; 71.4
 80.6; 64.0
 77.1; 82.1
 71.3; 49.9
 90.3; 72.8
 55.2; 62.4
 58.5; 47.6
 79.8; 65.9
 82.1; 71.0
 90.5; 54.2
 71.3; 58.0
 75.1; 46.6
 65.7; 58.5
 90.1; 40.3
 59.5; 76.8
 83.4; 83.2
 73.5; 76.7
 72.8; 58.0
 70.6; 35.8
 80.8; 72.8
 74.5; 46.0
 91.4; 65.8
 86.2; 75.1
 96.9; 52.9
 79.1; 76.9
 73.6; 64.4
 78.1; 51.0
 99.4; 55.1
 92.2; 46.9
 68.3; 55.4
 75.1; 52.1
 102.0; 67.1
 86.1; 65.0
 75.7; 50.3
 53.2; 58.9
 88.1; 43.5
 74.3; 58.8
 83.5; 42.7
 108.3; 64.6
 71.0; 68.5
 83.6; 46.9
 80.8; 63.8
 78.9; 86.4
 71.8; 58.6
 59.8; 70.1
 72.7; 57.6
 67.9; 45.4
 65.8; 66.9
 79.5; 58.0
 71.2; 40.7
 85.0; 43.9
 84.1; 46.1
 99.6; 57.9
 59.3; 43.1
 67.7; 41.1
 74.7; 94.9
 79.7; 80.0
 90.4; 63.1
 69.0; 72.7
 69.4; 66.7
 82.3; 42.9
 85.2; 70.3
 87.7; 49.2
 86.1; 56.8
 88.6; 30.3
 94.8; 54.5
 54.5; 50.3
 78.9; 63.5
 79.3; 58.5
 95.7; 66.3
 79.7; 44.8
 91.6; 55.4
 82.9; 54.4
 90.2; 62.2
 92.5; 61.5
 76.5; 48.9
 75.3; 46.4
 119.5; 45.5
 89.1; 58.4
 77.7; 53.9
 72.0; 53.2
 91.4; 63.1
 91.6; 67.8
 75.2; 59.3
 72.7; 76.6
 101.8; 28.4
 78.1; 50.7
 77.8; 36.8
 85.1; 53.2
 87.3; 59.4
 87.1; 62.8
 90.5; 90.5
 56.9; 37.7
 91.1; 38.3
 68.0; 50.9
 107.0; 60.4
 71.1; 94.2
 82.8; 51.3
 75.6; 80.8
 92.4; 46.4
 103.3; 49.0
 74.0; 48.8
 65.7; 63.8
 85.7; 34.1
 60.3; 50.3
 77.8; 73.8
 78.6; 61.1
 93.1; 62.7
 91.3; 45.9
 62.0; 75.7
 98.6; 77.0
 72.1; 67.4
 86.1; 93.6
 98.6; 74.8
 105.3; 78.8
 83.1; 72.2
 79.2; 61.8
 85.8; 35.3
 86.1; 43.2
 78.8; 55.8
 88.7; 67.0
 72.9; 75.2
 92.6; 63.0
 72.0; 77.6
 97.5; 86.4
 83.7; 56.9
 97.4; 75.8
 67.5; 48.0
 80.6; 62.5
 78.0; 51.5
 99.1; 65.6
 75.1; 70.4
 99.3; 69.0
 72.6; 79.8
 87.4; 32.7
 70.6; 47.5
 94.4; 49.6
 86.1; 56.0
 82.5; 75.6
 55.3; 40.3
 71.9; 74.8
 70.8; 45.0
 64.7; 49.7
 104.7; 70.9
 90.3; 66.8
 88.6; 74.9
 71.6; 67.2
 69.0; 70.6
 58.6; 58.4
 76.8; 57.3
 85.6; 73.2
 63.6; 54.4
 74.0; 73.0
 66.3; 65.0
 76.1; 59.1
 66.9; 44.4
 73.0; 75.6
 96.1; 60.0
 111.5; 43.6
 85.6; 72.7
 61.2; 54.4
 104.5; 65.3
 72.4; 57.6
 83.2; 63.1
 86.7; 34.6
 74.8; 71.3
 79.8; 65.9
 100.1; 67.1
 72.7; 49.8
 84.4; 49.7
 77.9; 51.9
 73.6; 84.3
 56.9; 59.2
 96.4; 44.2
 70.9; 40.9
 91.2; 85.3
 70.9; 79.4
 85.8; 57.9
 81.5; 62.7
 69.0; 39.2
 62.7; 71.6
 90.0; 71.8
 90.9; 31.5
 90.7; 38.4
 72.7; 85.8
 79.7; 52.1
 86.5; 48.8
 72.3; 71.5
 73.2; 77.6
 51.7; 69.6
 75.0; 59.1
 78.9; 66.9
 83.4; 50.2
 88.0; 48.8
 83.1; 69.1
 113.5; 55.0
 59.0; 50.1
 84.3; 66.7
 92.5; 38.9
 82.2; 58.4
 108.9; 57.3
 83.0; 49.7
 96.7; 52.9
 83.8; 50.2
 83.0; 85.7
 60.4; 85.2
 107.8; 57.7
 68.9; 79.0
 84.2; 58.3
 98.3; 53.3
 78.1; 59.2
 86.6; 63.5
 75.2; 69.2
 85.2; 62.0
 74.2; 73.3
 70.0; 75.2
 99.4; 69.3
 88.8; 52.2
 74.7; 52.2
 92.5; 48.2
 80.1; 39.9
 63.7; 57.5
 66.2; 64.3
 100.1; 63.1
 74.3; 41.3
 70.0; 43.6
 66.8; 59.3
 65.0; 63.2
 65.9; 67.2
 93.5; 71.0
 97.0; 73.7
 86.0; 73.5
 69.2; 71.2
 68.6; 70.0
 74.3; 44.9
 69.3; 54.5
 76.6; 89.2
 80.5; 78.8
 66.5; 57.5
 76.8; 62.4
 57.7; 62.7
 84.8; 68.5
 95.2; 44.8
 75.3; 84.3
 101.4; 59.5
 74.9; 67.6
 93.1; 57.1
 93.4; 67.4
 76.0; 67.3
 85.5; 65.6
 59.6; 54.1
 69.4; 44.3
 90.6; 79.1
 104.8; 66.6
 84.6; 69.1
 82.7; 30.7
 81.1; 21.0
 79.0; 65.7
 58.2; 66.0
 103.2; 68.1
 88.9; 41.1
 71.0; 71.6
 111.5; 34.4
 104.1; 60.7
 98.7; 54.8
 74.0; 74.3
 88.6; 51.0
 72.5; 59.6
 81.5; 53.8
 78.9; 59.3
 75.7; 66.8
 73.8; 49.9
 83.1; 60.8
 83.9; 54.1
 98.9; 63.8
 94.3; 48.1
 55.1; 51.2
 73.7; 62.4
 63.0; 65.7
 88.8; 37.6
 78.9; 47.5
 95.2; 73.3
 90.5; 53.3
 75.6; 60.6
 73.5; 64.9
 92.2; 59.3
 61.8; 60.0
 97.1; 70.3
 91.0; 52.9
 82.6; 54.7
 98.2; 71.1
 104.5; 57.2
 96.0; 58.8
 102.7; 60.3
 82.6; 55.4
 94.3; 58.6
 80.2; 69.5
 66.9; 48.9
 93.4; 71.5
 96.5; 48.2
 63.6; 46.8
 104.0; 57.5
 90.1; 67.6
 91.2; 60.9
 79.0; 48.8
 68.4; 65.8
 64.9; 60.4
 78.5; 58.6
 94.2; 58.9
 44.9; 85.5
 67.6; 69.7
 82.3; 67.2
 73.8; 50.5
 75.7; 55.0
 69.8; 70.6
 71.8; 73.1
 65.3; 51.2
 82.1; 59.4
 67.6; 46.2
 50.7; 42.1
 77.6; 57.9
 69.5; 71.9
 80.6; 58.1
 79.0; 68.1
 80.0; 59.1
 81.3; 73.3
 88.8; 51.2
 81.8; 44.3
 83.7; 48.3
 53.5; 66.6
 90.2; 56.5
 105.0; 53.2
 92.7; 60.3
 77.4; 47.8
 87.8; 56.7
 54.6; 51.0
 82.1; 61.9
 86.9; 68.3
 86.0; 57.0
 73.1; 63.0
 89.3; 71.8
 83.4; 40.2
 64.6; 63.9
 83.3; 53.0
 93.6; 57.2
 82.3; 64.1
 92.3; 44.7
 70.8; 73.5
 87.5; 82.5
 77.7; 69.4
 76.4; 39.5
 70.0; 50.2
 85.0; 56.0
 65.8; 50.1
 78.6; 54.9
 103.0; 61.4
 94.7; 60.2
 82.2; 58.0
 83.4; 69.7
 75.5; 74.3
 81.3; 46.5
 78.2; 60.9
 87.8; 59.8
 100.9; 47.0
 80.8; 60.7
 78.9; 97.0
 75.9; 66.9
 84.6; 60.9
 83.8; 34.9
 73.5; 74.7
76.5;62.1
 46.1; 51.0
 75.5; 51.3
 68.0; 61.7
 68.9; 70.9
 83.9; 52.5
 87.5; 69.9
 88.4; 73.6
 73.5; 67.3
 86.9; 68.4
 80.1; 66.8
 80.7; 59.7
 84.9; 57.1
 56.6; 58.9
 67.6; 66.9
 93.0; 84.2
 101.2; 52.7
 112.3; 81.6
 100.8; 72.3
 76.5; 53.2
 61.2; 58.7
 79.0; 56.4
 74.9; 46.8
 75.5; 56.6
 90.1; 90.7
 93.4; 55.3
 72.2; 77.5
 100.5; 59.1
 97.2; 78.9
 85.1; 63.8
 84.7; 54.0
 75.1; 55.0
 89.2; 60.8
 78.9; 80.5
 59.9; 33.8
 43.9; 69.8
 97.9; 45.1
 103.3; 61.0
 74.7; 42.9
 74.9; 79.3
 82.6; 43.4
 84.2; 62.9
 81.1; 79.5
 85.0; 67.3
 73.1; 30.8
 87.7; 43.3
 79.9; 53.3
 92.8; 46.5
 86.1; 66.0
 60.0; 64.0
 77.2; 65.5
 87.1; 52.7
 89.9; 76.1
 106.1; 39.4
 72.6; 41.1
 107.3; 55.5
 70.3; 41.2
 79.8; 52.0
 64.5; 57.0
 87.6; 60.5
 102.1; 66.8
 107.0; 51.6
 96.5; 64.3
 84.3; 80.6
 62.8; 69.6
 78.6; 59.9
 76.7; 43.3
 98.0; 72.0
 84.9; 79.4
 96.5; 63.0
 86.0; 55.8
 90.8; 35.1
 83.7; 55.4
 64.6; 40.7
 96.8; 56.9
 75.0; 63.1
 97.5; 56.5
 85.3; 66.4
 69.5; 76.0
 93.5; 78.3
 75.2; 50.3
 78.9; 34.1
 91.2; 61.6
 82.2; 71.2
 91.4; 75.9
 84.6; 69.4
 70.0; 63.9
 71.4; 64.8
 85.4; 62.0
 74.1; 57.0
 62.7; 57.1
 71.8; 60.2
 77.0; 49.1
 86.1; 60.4
 75.6; 64.9
 92.5; 55.9
 74.9; 44.4
 79.8; 72.1
 70.0; 66.1
 73.5; 75.9
 89.9; 64.7
 104.5; 67.9
 77.8; 51.3
 82.2; 61.7
 63.9; 83.9
 65.2; 46.7
 83.7; 38.3
 83.3; 66.2
 49.5; 69.0
 89.5; 73.1
 91.3; 71.5
 81.4; 35.8
 87.3; 61.6
 72.3; 66.1
 68.8; 31.8
 83.8; 59.0
 90.0; 70.6
 88.4; 65.2
 78.4; 49.7
 71.5; 66.2
 90.8; 41.4
 88.0; 50.0
 70.1; 46.1
 60.7; 76.3
 81.7; 71.7
 75.8; 88.2
 79.8; 62.4
 93.2; 71.6
 82.2; 64.7
 68.9; 35.2
 91.8; 70.1
 81.8; 73.9
 73.3; 48.5
 88.3; 45.2
 83.3; 68.0
 103.0; 73.6
 92.9; 56.8
 73.4; 71.5
 80.7; 57.0
 81.4; 61.4
 81.1; 50.0
 75.1; 47.8
 102.8; 57.3
 102.2; 51.5
 85.9; 59.2
 77.3; 38.1
 74.9; 39.8
 90.5; 58.2
 91.1; 72.1
 84.2; 59.9
 93.2; 61.6
 86.0; 63.7
 76.9; 68.7
 94.0; 64.0
 91.2; 55.3
 74.3; 54.9
 58.0; 61.9
 100.1; 67.0
 71.2; 56.6
 106.1; 70.6
 79.0; 46.6
 100.7; 87.6
 92.9; 63.8
 88.6; 57.1
 53.6; 56.7
 89.4; 66.2
 90.9; 69.1
 73.2; 47.4
 56.5; 66.4
 93.8; 48.2
 94.9; 47.4
 73.9; 78.0
 84.1; 80.9
 66.5; 47.1
 62.8; 51.2
 76.6; 57.4
 37.8; 65.9
 88.8; 70.5
 79.6; 49.6
 69.9; 55.3
 71.2; 71.6
 108.9; 63.8
 106.9; 74.2
 75.2; 55.8
 65.1; 71.8
 82.8; 50.7
 74.8; 46.1
 93.7; 47.0
 83.8; 61.2
 93.8; 62.9
 56.4; 67.7
 92.6; 52.1
 94.8; 30.2
 93.0; 63.4
 77.5; 69.7
 81.4; 42.1
 71.5; 70.5
 99.4; 64.2
 77.6; 44.8
 80.1; 62.6
 85.0; 73.8
 74.2; 58.4
 94.3; 50.4
 79.2; 43.8
 94.2; 62.1
 57.9; 64.2
 91.4; 93.1
 80.5; 57.5
 89.3; 63.8
 89.9; 63.6
 76.1; 44.2
 85.6; 47.2
 90.3; 50.7
 88.1; 75.8
 106.3; 60.1
 80.3; 39.3
 97.3; 55.8
 81.6; 58.7
 89.0; 38.6
 87.1; 64.9
 61.0; 72.6
 88.3; 72.9
 87.7; 70.8
 77.1; 66.4
 71.7; 58.0
 98.1; 56.4
 84.8; 34.6
 64.5; 56.8
 65.6; 67.2
 52.6; 68.1
 91.1; 66.4
 75.8; 74.5
 91.1; 62.9
 89.0; 49.3
 76.0; 37.6
 100.7; 40.4
 109.6; 51.0
 68.3; 61.2
 93.5; 82.5
 75.5; 39.4
 88.0; 69.1
 87.1; 48.4
 68.8; 77.8
 67.4; 52.4
 81.7; 39.7
 70.8; 65.8
 62.9; 53.1
 88.0; 68.8
 87.8; 49.7
 76.1; 44.3
 66.0; 60.4
 80.3; 55.7
 78.7; 63.1
 79.0; 57.1
 87.9; 61.3
 94.7; 67.7
 67.0; 46.2
 83.8; 47.1
 55.3; 64.2
 90.7; 61.0
 83.9; 42.2
 61.3; 47.1
 80.1; 69.0
 83.3; 62.5
 87.0; 61.6
 63.4; 62.9
 94.9; 37.4
 88.3; 73.2
 78.7; 71.1
 100.3; 66.6
 64.5; 58.6
 68.5; 43.1
 80.9; 71.3
 65.2; 56.5
 79.7; 69.8
 58.4; 78.7
 71.7; 59.6
 81.9; 44.0
 102.4; 83.9
 69.7; 43.1
 94.7; 60.3
 70.8; 58.6
 87.6; 46.6
 89.9; 72.4
 82.8; 67.8
 61.1; 61.2
 71.3; 46.3
 79.9; 61.2
 79.2; 53.0
 106.3; 56.1
 80.4; 66.5
 79.3; 58.1
 81.7; 64.8
 70.9; 46.0
 74.0; 71.2
 81.4; 47.1
 58.6; 58.8
 68.1; 71.7
 65.1; 74.6
 85.7; 54.0
 78.9; 71.6
 79.1; 62.9
 61.6; 68.5
 76.3; 58.9
 106.5; 72.9
 91.2; 58.1
 79.2; 49.2
 81.0; 68.5
 71.2; 51.5
 77.9; 51.0
 75.8; 71.7
 77.2; 63.4
 74.2; 66.1
 86.6; 59.3
 66.1; 63.1
 68.0; 42.3
 66.0; 46.9
 73.3; 62.3
 71.3; 59.4
 72.6; 81.9
 90.3; 72.4
 68.8; 67.2
 83.9; 41.0
 83.2; 68.7
 63.9; 58.0
 62.2; 57.4
 88.4; 53.2
 64.7; 62.8
 67.3; 77.1
 90.6; 79.1
 72.3; 70.1
 78.3; 51.4
 97.0; 58.1
 83.9; 69.9
 74.4; 91.6
 72.9; 60.5
 74.3; 76.8
 77.8; 48.6
 88.1; 74.3
 48.7; 67.4
 100.3; 69.6
 72.6; 87.5
 94.6; 64.8
 79.9; 60.9
 79.7; 62.6
 90.7; 74.3
 77.8; 60.6
 54.5; 59.3
 87.9; 40.2
 73.8; 56.7
 85.1; 82.4
 61.0; 58.6
 67.5; 39.7
 72.8; 71.4
 92.3; 66.9
 72.9; 73.8
 65.5; 36.6
 85.0; 58.9
 72.7; 53.9
 82.2; 74.0
 74.0; 68.7
 83.1; 69.6
 87.6; 64.5
 91.5; 80.6
 71.9; 53.3
 67.9; 55.6
 72.2; 40.4
 76.2; 60.7
 78.5; 74.4
 88.3; 59.3
 71.4; 77.9
 79.2; 54.2
 77.1; 69.7
 82.0; 58.4
 80.8; 64.3
 74.4; 82.0
 84.1; 74.4
 63.6; 51.6
 89.1; 52.8
 92.5; 81.5
 92.8; 67.0
 70.3; 55.4
 88.9; 67.0
 68.6; 86.5
 100.1; 73.9
 72.9; 47.1
 84.1; 82.2
 68.2; 52.6
 77.4; 73.3
 82.4; 69.6
 73.3; 67.6
 69.9; 63.0
 80.1; 51.2
 71.5; 28.9
 87.5; 55.1
 78.5; 68.0
 73.7; 60.1
 90.7; 67.9
 87.0; 73.7
 71.1; 61.7
 74.7; 58.2
 100.2; 67.2
 84.1; 48.5
 62.9; 44.8
 82.0; 62.4
 72.4; 52.3
 99.0; 67.9
 100.3; 56.3
 90.2; 49.2
 77.9; 70.9
 70.8; 56.9
 76.4; 54.1
 82.7; 52.8
 74.4; 75.7
 102.4; 55.8
 77.7; 36.3
 77.9; 60.0
 104.8; 76.0
 66.7; 55.1
 67.8; 51.4
 65.7; 62.4
 58.7; 52.1
 85.2; 48.0
 78.2; 53.0
 88.3; 65.8
 77.1; 67.6
 78.6; 54.5
 80.0; 70.1
 71.6; 65.9
 89.5; 62.7
 77.2; 46.1
 93.5; 61.9
 91.3; 63.2
 77.2; 47.2
 70.7; 41.9
 85.9; 71.0
 90.1; 56.1
 84.7; 52.1
 70.7; 57.7
 79.7; 50.9
 72.8; 71.4
 105.6; 61.2
 73.6; 69.7
 87.7; 81.9
 94.7; 64.6
 67.2; 74.2
 91.4; 49.2
 103.7; 51.8
 63.6; 62.1
 65.5; 40.3
 111.4; 67.0
 84.0; 57.3
 93.9; 45.7
 92.5; 73.3
 76.9; 44.3
 109.3; 60.0
 69.4; 72.7
 74.5; 67.9
 84.3; 71.0
 72.5; 58.7
 73.0; 51.9
 83.6; 77.9
 88.3; 56.6
 85.7; 59.3
 91.9; 55.5
 78.5; 56.7
 76.6; 71.5
 89.8; 69.4
 107.0; 76.1
 72.9; 57.2
 66.8; 85.2
 55.6; 63.8
 82.2; 79.6
 64.3; 56.0
 115.9; 61.3
 99.5; 65.8
 81.3; 63.3
 70.7; 74.6
 81.4; 67.0
 80.4; 83.6
 83.1; 58.7
 89.4; 53.1
 99.5; 82.9
 85.8; 69.2
 99.6; 63.6
 85.6; 39.5
 89.0; 70.1
 77.2; 52.2
 73.1; 53.7
 62.6; 71.2
 65.0; 63.7
 95.2; 75.2
 67.0; 69.5
 83.3; 63.4
 81.8; 44.5
 73.1; 80.4
 84.3; 71.9
 67.9; 51.4
 78.6; 58.6
 62.9; 61.3
 66.7; 78.3
 74.7; 54.7
 70.8; 62.6
 73.8; 73.6
 57.2; 59.7
 83.5; 49.9
 72.5; 56.4
 74.1; 46.0
 93.1; 46.4
 75.7; 71.8
 75.9; 52.1
 63.3; 55.5
 84.6; 55.9
 95.3; 68.7
 75.7; 43.4
 86.6; 56.1
 71.0; 76.4
 69.6; 70.9
 87.6; 44.9
 80.0; 47.6
 105.8; 59.9
 84.4; 49.1
 57.6; 95.2
 76.6; 77.2
 96.4; 54.3
 87.8; 67.6
 93.9; 74.0
 66.0; 73.6
 97.8; 51.3
 81.5; 71.4
 71.4; 60.7
 87.5; 70.7
 86.3; 67.0
 72.6; 71.3
 76.0; 56.2
 94.4; 51.1
 90.5; 50.9
 83.6; 67.7
 91.8; 68.4
 80.1; 66.1
 96.4; 45.5
 80.6; 42.3
 90.1; 49.7
 74.0; 71.0
 94.6; 62.1
 88.8; 64.7
 73.8; 41.9
 74.6; 54.8
 89.4; 71.9
 80.5; 67.2
 83.3; 65.1
 52.6; 71.1
 74.5; 59.5
 66.3; 46.8
 86.3; 47.3
 89.6; 59.4
 76.1; 79.9
 77.6; 58.8
 79.4; 69.2
 72.5; 48.9
 81.1; 46.8
 52.1; 56.4
 82.9; 67.9
 80.4; 56.0
 77.2; 52.9
 62.0; 50.7
 87.7; 66.0
 73.2; 82.0
 65.4; 61.4
 69.7; 44.1
 80.2; 75.3
 74.7; 78.0
 94.7; 56.3
 92.1; 62.4
 80.6; 57.8
 71.2; 55.5
 87.6; 63.1
 81.5; 42.3
 76.3; 64.4
 82.7; 60.0
 79.4; 48.2
 92.6; 50.1
 87.5; 70.5
 78.5; 54.0
 74.8; 79.4
 82.2; 62.2
 96.2; 49.9
 76.7; 64.6
 85.1; 60.2
 57.2; 57.7
 80.1; 61.5
 83.2; 64.4
 75.0; 65.8
 87.7; 39.2
 78.8; 83.8
 85.1; 91.0
 86.1; 82.4
 82.9; 75.9
 68.6; 44.3
 76.5; 74.4
 74.9; 77.3
 89.1; 80.2
 81.9; 65.1
 84.7; 88.7
 70.1; 62.9
 69.2; 52.1
 68.1; 64.7
 78.5; 60.7
 58.3; 34.7
 74.4; 61.1
 60.9; 77.4
 91.9; 71.3
 78.7; 29.8
 83.6; 31.4
 81.7; 33.6
 72.2; 48.8
 104.0; 41.5
 77.2; 50.9
 75.3; 84.1
 86.7; 58.4
 89.5; 59.1
 69.4; 66.4
 97.6; 63.5
 78.7; 72.0
 79.8; 55.9
 83.9; 51.3
 84.6; 77.9
 89.6; 71.8
 63.3; 56.4
 92.4; 53.3
 68.9; 72.6
 87.6; 81.2
 95.3; 50.9
 66.3; 86.2
 96.9; 59.4
 82.6; 65.5
 68.2; 71.6
 83.2; 46.3
 71.8; 56.6
 58.3; 50.2
 78.1; 51.1
 66.0; 61.1
 87.7; 47.6
 69.5; 68.6
 91.1; 63.9
 90.0; 50.7
 67.2; 72.7
 94.7; 68.7
 104.5; 67.4
 75.2; 74.0
 69.8; 80.0
 70.8; 35.8
 107.0; 46.6
 83.5; 51.9
 73.5; 64.5
 64.7; 64.8
 94.7; 57.3
 76.7; 60.2
 82.3; 56.7
 79.5; 47.1
 80.4; 53.1
 69.8; 46.0
 49.4; 48.6
 74.7; 54.0
 105.0; 54.2
 74.8; 64.5
 59.1; 53.2
 74.2; 49.9
 84.9; 46.8
 97.6; 61.3
 77.1; 49.0
 82.6; 70.5
 91.9; 54.0
 87.4; 51.6
 74.3; 77.6
 66.7; 81.1
 78.1; 61.5
 78.4; 76.0
 99.3; 63.4
 66.1; 84.1
 81.6; 60.3
 78.2; 69.1
 108.6; 56.8
 73.9; 50.2
 77.7; 54.8
 84.8; 42.0
 69.4; 39.9
 68.2; 54.9
 75.0; 69.8
 86.1; 66.2
 83.0; 53.3
 88.0; 71.9
 86.8; 40.3
 86.9; 49.2
 83.9; 43.7
 90.7; 59.8
 79.6; 53.3
 106.4; 69.2
 80.2; 47.5
 82.3; 79.4
 88.1; 60.5
 78.7; 59.1
 87.4; 70.9
 83.9; 57.6
 84.8; 59.2
 71.1; 51.2
 87.0; 40.1
 72.9; 71.0
 77.1; 64.3
 73.5; 55.8
 70.5; 59.8
 77.5; 49.6
 89.7; 62.4
 66.2; 66.7
 68.6; 39.3
 81.0; 64.7
 100.2; 61.8
 84.1; 83.2
 86.6; 61.1
 87.7; 54.0
 82.1; 39.1
 53.1; 61.0
 57.4; 74.0
 81.5; 84.7
 60.7; 39.7
 72.0; 47.0
 77.6; 77.2
 88.9; 45.1
 56.6; 61.0
 85.6; 66.3
 87.2; 73.0
 86.1; 57.2
 75.2; 45.3
 77.0; 61.1
 77.6; 69.1
 59.5; 66.5
 71.8; 65.1
 81.2; 81.6
 72.2; 50.7
 62.2; 70.9
 77.4; 59.4
 73.0; 64.7
 68.7; 48.1
 72.4; 39.2
 65.3; 63.6
 99.7; 65.4
 84.1; 57.4
 84.3; 31.2
 74.4; 65.9
 62.3; 65.5
 81.2; 92.5
 80.3; 48.2
 75.8; 52.2
 73.3; 55.1
 87.6; 62.3
 71.7; 72.6
 87.0; 61.1
 75.8; 56.5
 77.7; 44.4
 71.6; 54.1
 104.4; 66.2
 84.7; 46.0
 86.0; 69.5
 63.0; 52.5
 65.0; 69.2
 77.5; 77.9
 96.6; 72.2
 81.6; 53.7
 77.1; 61.5
 86.7; 57.1
 85.8; 40.2
 81.1; 74.8
 67.5; 57.2
 107.6; 48.0
 91.4; 60.4
 62.8; 79.0
 83.7; 77.9
 84.0; 45.0
 82.5; 72.5
 75.5; 60.7
 80.8; 57.8
 76.9; 52.9
 78.6; 51.0
 82.2; 60.8
 93.3; 76.6
 102.3; 57.4
 63.6; 64.4
 76.8; 80.8
 67.5; 70.3
 93.7; 40.5
 94.5; 54.1
 87.7; 69.0
 72.6; 75.1
 72.4; 64.2
 61.5; 47.2
 80.3; 54.6
 77.6; 59.6
 68.9; 62.4
 66.8; 55.2
 84.9; 58.5
 51.1; 74.1
 97.6; 62.0
 60.9; 69.5
 81.0; 51.7
 87.2; 66.1
 82.3; 48.5
 75.9; 61.1
 101.1; 62.6
 89.3; 60.6
 84.5; 50.6
 89.5; 65.0
 81.6; 60.9
 77.6; 42.8
 97.5; 56.7
 84.9; 76.1
 87.0; 62.7
 104.5; 56.6
 87.6; 68.4
 90.2; 61.5
 78.2; 80.4
 91.7; 71.4
 81.7; 63.4
 81.3; 57.4
 76.0; 58.1
 85.1; 59.5
 78.3; 72.1
 79.5; 55.9
 86.0; 58.8
 84.8; 35.1
 104.3; 51.9
 67.9; 70.1
 94.4; 81.3
 87.0; 41.8
 83.3; 59.8
 83.8; 71.7
 84.8; 44.2
 87.4; 63.1
 78.5; 62.9
 88.2; 72.7
 62.1; 55.6
 64.9; 66.5
 67.3; 59.1
 63.2; 51.4
 98.9; 61.6
 76.7; 56.0
 76.8; 67.8
 78.8; 69.3
 72.8; 57.7
 85.6; 67.9
 70.8; 50.5
 80.5; 49.8
 76.7; 42.4
 80.2; 52.1
 82.2; 65.6
 79.3; 72.5
 69.7; 54.7
 70.7; 61.8
 62.0; 91.3
 93.3; 89.3
 83.6; 60.3
 86.2; 37.4
 62.9; 66.5
 83.1; 50.8
 85.3; 61.8
 93.9; 73.4
 72.8; 43.2
 94.2; 58.5
 76.9; 58.6
 46.6; 60.2
 70.0; 74.1
 85.1; 65.1
 79.2; 58.0
 69.1; 52.4
 94.2; 62.6
 89.2; 60.3
 73.8; 40.7
 68.7; 57.3
 69.2; 47.4
 86.9; 66.1
 78.1; 44.5
 75.5; 60.7
 81.0; 75.3
 78.9; 78.1
 77.4; 59.6
 43.0; 51.0
 83.6; 62.0
 68.3; 55.5
 64.6; 59.4
 76.6; 74.4
 69.7; 67.5
 87.4; 42.9
 91.0; 56.4
 82.3; 80.1
 75.5; 56.4
 83.8; 77.0
 82.9; 61.3
 83.9; 54.2
 59.7; 63.2
 87.4; 81.6
 79.7; 67.3
 76.0; 77.8
 78.4; 50.8
 72.1; 46.0
 82.4; 71.2
 85.9; 51.6
 84.9; 71.3
 60.4; 55.7
 57.1; 54.5
 74.7; 70.6
 74.2; 65.0
 82.2; 70.6
 57.0; 36.8
 82.2; 97.2
 92.2; 44.4
 78.7; 57.3
 97.0; 52.5
 88.0; 45.5
 80.4; 52.1
 84.6; 58.6
 80.3; 82.7
 73.2; 64.5
 93.1; 54.1
 80.1; 70.1
 51.7; 72.1
 83.8; 44.3
 72.4; 53.2
 89.8; 57.4
 66.2; 55.9
 69.6; 67.1
 73.7; 43.3
 66.6; 63.9
 79.3; 60.9
 67.5; 51.6
 108.1; 34.3
 69.5; 66.4
 73.8; 52.3
 94.0; 44.5
 60.1; 60.2
 68.8; 55.0
 81.9; 53.8
 79.4; 60.8
 79.5; 33.1
 95.0; 70.4
 76.1; 66.1
 65.9; 70.2
 95.1; 72.5
 70.3; 45.6
 69.5; 57.9
 87.1; 51.5
 70.7; 37.3
 97.3; 56.9
 71.5; 59.8
 82.5; 57.6
 77.4; 72.4
 70.5; 52.9
 79.3; 52.9
 88.4; 60.8
 91.5; 78.9
 82.9; 62.4
 97.2; 54.5
 81.5; 71.1
 85.2; 60.0
 64.7; 50.2
 65.1; 55.7
 69.7; 62.0
 79.9; 58.9
 77.5; 48.7
 63.8; 74.5
 83.5; 61.0
 67.5; 79.8
 78.6; 70.6
 94.9; 70.6
 61.5; 64.9
 68.3; 48.2
 76.8; 60.1
 71.2; 51.5
 67.8; 72.1
 84.8; 57.7
 72.2; 74.8
 76.2; 48.7
 49.6; 79.2
 91.2; 84.6
 96.9; 62.9
 83.0; 82.4
 74.1; 50.6
 103.9; 64.7
 85.9; 55.0
 99.8; 42.1
 59.5; 63.8
 64.5; 62.1
 63.8; 74.5
 89.1; 52.3
 105.8; 63.6
 79.3; 75.7
 89.9; 56.0
 89.5; 50.9
 90.5; 73.1
 95.0; 56.9
 86.7; 63.6
 67.7; 73.0
